"CONVERSATION ID","CONVERSATION TITLE","FROM","SENDER PROFILE URL","TO","RECIPIENT PROFILE URLS","DATE","SUBJECT","CONTENT","FOLDER","ATTACHMENTS"
"2-Zjk4YzM4ODQtM2QzOS00NjM2LWIzMzMtYWYwNGE1MmJkMTU4XzEwMA==","","David Riding","https://www.linkedin.com/in/david-riding","Noah Goo","https://www.linkedin.com/in/noah-goo","2026-10-02 01:40:59 UTC","","Sounds great that works! I could do before 11am or between 2-3pm on Monday or before 12pm on Tuesday! My number is 385-207-0090 if that works easier to coordinate! ","INBOX",""
"2-Zjk4YzM4ODQtM2QzOS00NjM2LWIzMzMtYWYwNGE1MmJkMTU4XzEwMA==","","Noah Goo","https://www.linkedin.com/in/noah-goo","David Riding","https://www.linkedin.com/in/david-riding","2026-10-01 23:24:36 UTC","","Yeah I'm good with either, we can do next week sometime on campus","INBOX",""
"2-Zjk4YzM4ODQtM2QzOS00NjM2LWIzMzMtYWYwNGE1MmJkMTU4XzEwMA==","","David Riding","https://www.linkedin.com/in/david-riding","Noah Goo","https://www.linkedin.com/in/noah-goo","2026-10-01 15:06:35 UTC","","That would be awesome, thank you! I could either meet in person at BYU or over the phone whichever is easier for you ","INBOX",""
"2-Zjk4YzM4ODQtM2QzOS00NjM2LWIzMzMtYWYwNGE1MmJkMTU4XzEwMA==","","Noah Goo","https://www.linkedin.com/in/noah-goo","David Riding","https://www.linkedin.com/in/david-riding","2026-10-01 13:43:22 UTC","","Hey David, love to hear you’re trying to intern there. It’s a great experience with a great company. I’m definitely open to sharing about my experience there","INBOX",""
"2-Zjk4YzM4ODQtM2QzOS00NjM2LWIzMzMtYWYwNGE1MmJkMTU4XzEwMA==","","David Riding","https://www.linkedin.com/in/david-riding","Noah Goo","https://www.linkedin.com/in/noah-goo","2026-09-29 19:30:30 UTC","","Hey Noah! How’s it going man? I saw you interned with CFA last summer, that’s super cool! I’m hoping to intern with them this coming summer. Would you be open to setting up a time to chat for 15mins about your experience there? ","INBOX",""
"2-NTc3MGM0MWMtNjcwYy00Yjc2LWIzYjgtMTg2YjMyNmU4YjJmXzEwMA==","","Zach Wink","https://www.linkedin.com/in/zachwink","Noah Goo","https://www.linkedin.com/in/noah-goo","2026-10-01 23:49:13 UTC","","Cool man yea. Ill be free tmo so ill send ya a message","INBOX",""
"2-NTc3MGM0MWMtNjcwYy00Yjc2LWIzYjgtMTg2YjMyNmU4YjJmXzEwMA==","","Noah Goo","https://www.linkedin.com/in/noah-goo","Zach Wink","https://www.linkedin.com/in/zachwink","2026-10-01 23:23:41 UTC","","Yeah sure, we can do that","INBOX",""
"2-NTc3MGM0MWMtNjcwYy00Yjc2LWIzYjgtMTg2YjMyNmU4YjJmXzEwMA==","","Zach Wink","https://www.linkedin.com/in/zachwink","Noah Goo","https://www.linkedin.com/in/noah-goo","2026-10-01 18:24:05 UTC","","Yea, definitely happy for you! I was wondering if you'd be down for a chill Google Meets chat about it a bit more? I'd love to hear more and I'd enjoy sharing my Internship experience as a data analyst.","INBOX",""
"2-NTc3MGM0MWMtNjcwYy00Yjc2LWIzYjgtMTg2YjMyNmU4YjJmXzEwMA==","","Noah Goo","https://www.linkedin.com/in/noah-goo","Zach Wink","https://www.linkedin.com/in/zachwink","2026-10-01 13:42:04 UTC","","Yeah man, my experience at Chick-fil-A was amazing. The culture is great and they really care about take care of people. ","INBOX",""
"2-NTc3MGM0MWMtNjcwYy00Yjc2LWIzYjgtMTg2YjMyNmU4YjJmXzEwMA==","","Zach Wink","https://www.linkedin.com/in/zachwink","Noah Goo","https://www.linkedin.com/in/noah-goo","2026-09-29 15:31:39 UTC","","Hey Noah,

I appreciate the connect. Your experience at Chick-fil-A sounds like it was a lot of fun! Hope it is serving you well. Any new things you're excited to be working on?

I've seen some of their ads and programs for work opportunities and you stood out to me. Would love to hear your experience more.","INBOX",""
"2-YzJiZmJkMGItODYxNy00YWY4LThhNzktZjM2YWZjY2EzYzBmXzEwMA==","Sponsored Conversation","LinkedIn Member","","Noah Goo","https://www.linkedin.com/in/noah-goo","2026-09-30 20:23:51 UTC","","","INBOX",""
"2-YzJiZmJkMGItODYxNy00YWY4LThhNzktZjM2YWZjY2EzYzBmXzEwMA==","Sponsored Conversation","Noah Goo","https://www.linkedin.com/in/noah-goo","LinkedIn Member","","2026-09-30 20:23:51 UTC","","Discover our program","INBOX",""
"2-YzJiZmJkMGItODYxNy00YWY4LThhNzktZjM2YWZjY2EzYzBmXzEwMA==","Sponsored Conversation","LinkedIn Member","","Noah Goo","https://www.linkedin.com/in/noah-goo","2026-09-30 20:21:55 UTC","","<p class=""spinmail-quill-editor__spin-break""><br></p><p class=""spinmail-quill-editor__spin-break"">Hi %FIRSTNAME%,</p><p class=""spinmail-quill-editor__spin-break""><br></p><p class=""spinmail-quill-editor__spin-break"">Your profile caught our eye and we think our program could be a great fit for your goals.</p><p class=""spinmail-quill-editor__spin-break""><br></p><p class=""spinmail-quill-editor__spin-break"">Purdue University’s online Master of Science in Interdisciplinary Engineering is designed for professionals seeking a flexible and customizable path to deepen their expertise across multiple engineering disciplines. This forward-thinking program blends advanced technical learning with leadership and problem-solving development, preparing students to lead innovative projects and navigate complex engineering challenges in a rapidly evolving industry.</p><p class=""spinmail-quill-editor__spin-break""><br></p><p class=""spinmail-quill-editor__spin-break"">Our graduates gain the skills to integrate knowledge across disciplines, apply emerging engineering technologies and communicate complex concepts with clarity and impact. Through hands-on, collaborative coursework and access to more than 200 courses across Purdue’s renowned College of Engineering, students shape a degree that aligns with their professional goals while learning from world-class faculty.</p><p class=""spinmail-quill-editor__spin-break""><br></p><p class=""spinmail-quill-editor__spin-break"">Ready to take your next giant leap?</p>","INBOX",""
"2-NjhkZjk3ZDYtNWFjMS00YTc3LThiZjEtYTUyYTcwY2ViM2I1XzEwMA==","Epic is hiring & will be on campus","Brandon Salzman","https://www.linkedin.com/in/brandon-salzman","Noah Goo","https://www.linkedin.com/in/noah-goo","2026-09-29 21:44:29 UTC","Epic is hiring & will be on campus","Hi Noah,
 
I wanted to reach out and let you know that Epic will be at BYU's Career Fair on Thursday, October 1st - come say hi! You may know us from MyChart. We work with top healthcare organizations to support care delivery with software.
 
Can't make it to the booth? Don't wait - apply here [https://epic.avature.net/campus/Register?folderId=31262&school=7010]. We're hiring from all majors for start dates through summer 2027.
 
Read more about our open roles here [https://careers.epic.com/jobs/], and let me know if you're coming to the fair.

Best,
Brandon Salzman
Recruiter at Epic","INBOX",""
"2-OGJkZmJhZGMtN2NmZS00ZmUxLTllYjItYTdjZTJmNGZjNzg3XzEwMA==","Sponsored Conversation","LinkedIn Member","","Noah Goo","https://www.linkedin.com/in/noah-goo","2026-09-27 19:17:08 UTC","","<p class=""spinmail-quill-editor__spin-break"">Hi, %FIRSTNAME%!</p><p class=""spinmail-quill-editor__spin-break""><br></p><p class=""spinmail-quill-editor__spin-break"">We noticed that you may be interested in trying LinkedIn Sales Navigator — our AI powered solution designed to help grow your business.</p><p class=""spinmail-quill-editor__spin-break""><br></p><p class=""spinmail-quill-editor__spin-break"">With Sales Navigator you'll access our newest feature, Lead IQ, which aggregates and summarizes key information about leads so you can save valuable time getting to the right conversations.</p><p class=""spinmail-quill-editor__spin-break""><br></p><p class=""spinmail-quill-editor__spin-break"">Sign up for a free demo today!</p>","INBOX",""
"2-MDkwOTg4ZWQtOWM2NC00YTliLTk4ZjctNjM3OWY3Mzc0YjY4XzEwMA==","","Brandon Paul","https://www.linkedin.com/in/bpaul18","Noah Goo","https://www.linkedin.com/in/noah-goo","2026-09-23 17:24:05 UTC","","Hey Noah! The applications are open right now!","INBOX",""
"2-MDkwOTg4ZWQtOWM2NC00YTliLTk4ZjctNjM3OWY3Mzc0YjY4XzEwMA==","","Noah Goo","https://www.linkedin.com/in/noah-goo","Brandon Paul","https://www.linkedin.com/in/bpaul18","2026-09-20 16:51:45 UTC","","Hey Brandon, it was super nice meeting you at the BYU career fair last week! I appreciate you sharing your experience and helping me understand a bit about how great Lucid is. Can you remind me when the internship applications open up?","INBOX",""
"2-ZDMyMTZmNjItMDI0MS00NDY0LThmYzQtY2NkMTE0ZDYyMjkxXzEwMA==","","Keenan Faulkner","https://www.linkedin.com/in/keenan-faulkner","Noah Goo","https://www.linkedin.com/in/noah-goo","2026-09-23 15:47:40 UTC","","Thanks Noah. I would love to stay in touch.","INBOX",""
"2-ZDMyMTZmNjItMDI0MS00NDY0LThmYzQtY2NkMTE0ZDYyMjkxXzEwMA==","","Noah Goo","https://www.linkedin.com/in/noah-goo","Keenan Faulkner","https://www.linkedin.com/in/keenan-faulkner","2026-09-23 13:39:37 UTC","","That’s so awesome to hear you guys had a good time!

I just got the email from you yesterday and I appreciate the experience I had with Broadcom. I think you guys do amazing things and I hope we can stay in touch!","INBOX",""
"2-ZDMyMTZmNjItMDI0MS00NDY0LThmYzQtY2NkMTE0ZDYyMjkxXzEwMA==","","Keenan Faulkner","https://www.linkedin.com/in/keenan-faulkner","Noah Goo","https://www.linkedin.com/in/noah-goo","2026-09-21 17:22:45 UTC","","Hey Noah, it was really great to meet you. Thank you for taking time to meet with us at the career fair.

It was a pretty awesome game 😃 We got a selfie with Coach Sitake after, and definitely made some good memories.

We are currently in the process of evaluating candidates based on our discussions from last week. Once we do, you can expect to hear back about a second round of interviews (probably in the next week or two). That follow-up will come from someone else on my team, not me, but if you don't hear anything at all by the end of next week, please let me know and I'd be happy to check where things are at for you.

We typically do 1-2 more rounds of interviews. The last round is on-site, and we try to get our job offers extended by early December.","INBOX",""
"2-ZDMyMTZmNjItMDI0MS00NDY0LThmYzQtY2NkMTE0ZDYyMjkxXzEwMA==","","Noah Goo","https://www.linkedin.com/in/noah-goo","Keenan Faulkner","https://www.linkedin.com/in/keenan-faulkner","2026-09-20 16:47:57 UTC","","Hey Keenan, it was great meeting you and interviewing with you at the career fair! What Broadcom's doing as a leader in the ASIC space is genuinely interesting to me.

Also hope you enjoyed watching BYU beat Colorado State last night. 😄

Wanted to also say I enjoyed the conversation and would love to know what the next steps look like whenever you have an update — happy to answer any follow-up questions in the meantime.","INBOX",""
"2-OGMzNDlmYWUtMDllNC00NWI2LTk1MTMtYzk5ZGM4ZTk2ZTJmXzAxMA==","","Noah Goo","https://www.linkedin.com/in/noah-goo","Sukky Nd-Ezuma","https://www.linkedin.com/in/sukky-nd-ezuma-54643b229","2026-09-10 20:35:16 UTC","","Hey Sukky, just wanted to check in again and see how you are doing!","INBOX",""
"2-OGMzNDlmYWUtMDllNC00NWI2LTk1MTMtYzk5ZGM4ZTk2ZTJmXzAxMA==","","Noah Goo","https://www.linkedin.com/in/noah-goo","Sukky Nd-Ezuma","https://www.linkedin.com/in/sukky-nd-ezuma-54643b229","2026-07-23 14:41:45 UTC","","Hey Sukky! Hope you've been doing well the past couple weeks. I know you said you were willing to help connect me with your mentor so I was just wondering if you'd still be able to help me set up a call with him? Thanks!","INBOX",""
"2-OGMzNDlmYWUtMDllNC00NWI2LTk1MTMtYzk5ZGM4ZTk2ZTJmXzAxMA==","","Sukky Nd-Ezuma","https://www.linkedin.com/in/sukky-nd-ezuma-54643b229","Noah Goo","https://www.linkedin.com/in/noah-goo","2026-06-24 15:17:47 UTC","","👍","INBOX",""
"2-OGMzNDlmYWUtMDllNC00NWI2LTk1MTMtYzk5ZGM4ZTk2ZTJmXzAxMA==","","Noah Goo","https://www.linkedin.com/in/noah-goo","Sukky Nd-Ezuma","https://www.linkedin.com/in/sukky-nd-ezuma-54643b229","2026-06-24 13:04:41 UTC","","Okay that would be so awesome! Thank you Sukky!","INBOX",""
"2-OGMzNDlmYWUtMDllNC00NWI2LTk1MTMtYzk5ZGM4ZTk2ZTJmXzAxMA==","","Sukky Nd-Ezuma","https://www.linkedin.com/in/sukky-nd-ezuma-54643b229","Noah Goo","https://www.linkedin.com/in/noah-goo","2026-06-22 15:58:17 UTC","","Yeah I do have an MLE engineer(my mentor) I think will be a good resource to you! He is on Paternity Leave right now and will return July 15 so please remind me so I can help you set up a call with him. Thanks ","INBOX",""
"2-OGMzNDlmYWUtMDllNC00NWI2LTk1MTMtYzk5ZGM4ZTk2ZTJmXzAxMA==","","Noah Goo","https://www.linkedin.com/in/noah-goo","Sukky Nd-Ezuma","https://www.linkedin.com/in/sukky-nd-ezuma-54643b229","2026-06-19 23:13:15 UTC","","Also if you have any other friends or coworkers that you think I could also learn from and connect with please let me know!","INBOX",""
"2-OGMzNDlmYWUtMDllNC00NWI2LTk1MTMtYzk5ZGM4ZTk2ZTJmXzAxMA==","","Noah Goo","https://www.linkedin.com/in/noah-goo","Sukky Nd-Ezuma","https://www.linkedin.com/in/sukky-nd-ezuma-54643b229","2026-06-19 22:57:12 UTC","","Hey Sukky thanks again for connecting with me the other day! I appreciate you answering my questions and giving me some good insight on how to navigate job searching in this industry!","INBOX",""
"2-OGMzNDlmYWUtMDllNC00NWI2LTk1MTMtYzk5ZGM4ZTk2ZTJmXzAxMA==","","Noah Goo","https://www.linkedin.com/in/noah-goo","Sukky Nd-Ezuma","https://www.linkedin.com/in/sukky-nd-ezuma-54643b229","2026-06-17 01:26:31 UTC","","Noah Goo is inviting you to a scheduled Zoom meeting.

Topic: Noah and Sukky Connect
Time: Jun 17, 2026 04:00 PM Eastern Time (US and Canada)
Join Zoom Meeting
https://us05web.zoom.us/j/81127599193?pwd=y2SzSoKlP1XrWc4vjyJbmiJCBZvE0x.1

Meeting chat link
https://us05web.zoom.us/launch/jc/81127599193

Meeting ID: 811 2759 9193
Passcode: 2rA3Sb","INBOX",""
"2-OGMzNDlmYWUtMDllNC00NWI2LTk1MTMtYzk5ZGM4ZTk2ZTJmXzAxMA==","","Noah Goo","https://www.linkedin.com/in/noah-goo","Sukky Nd-Ezuma","https://www.linkedin.com/in/sukky-nd-ezuma-54643b229","2026-06-17 01:26:15 UTC","","That would be awesome!","INBOX",""
"2-OGMzNDlmYWUtMDllNC00NWI2LTk1MTMtYzk5ZGM4ZTk2ZTJmXzAxMA==","","Sukky Nd-Ezuma","https://www.linkedin.com/in/sukky-nd-ezuma-54643b229","Noah Goo","https://www.linkedin.com/in/noah-goo","2026-06-16 22:42:10 UTC","","Does Wednesday tomorrow work? At 2pm","INBOX",""
"2-OGMzNDlmYWUtMDllNC00NWI2LTk1MTMtYzk5ZGM4ZTk2ZTJmXzAxMA==","","Sukky Nd-Ezuma","https://www.linkedin.com/in/sukky-nd-ezuma-54643b229","Noah Goo","https://www.linkedin.com/in/noah-goo","2026-06-16 22:41:33 UTC","","👍","INBOX",""
"2-OGMzNDlmYWUtMDllNC00NWI2LTk1MTMtYzk5ZGM4ZTk2ZTJmXzAxMA==","","Noah Goo","https://www.linkedin.com/in/noah-goo","Sukky Nd-Ezuma","https://www.linkedin.com/in/sukky-nd-ezuma-54643b229","2026-06-10 23:41:34 UTC","","I appreciate it! I could do any day next week from the time of 2-5pm!","INBOX",""
"2-OGMzNDlmYWUtMDllNC00NWI2LTk1MTMtYzk5ZGM4ZTk2ZTJmXzAxMA==","","Sukky Nd-Ezuma","https://www.linkedin.com/in/sukky-nd-ezuma-54643b229","Noah Goo","https://www.linkedin.com/in/noah-goo","2026-06-10 23:32:19 UTC","","Very understandable! Please feel free to send me some availability for next week more than happy to chat! And I hope all is well! ","INBOX",""
"2-OGMzNDlmYWUtMDllNC00NWI2LTk1MTMtYzk5ZGM4ZTk2ZTJmXzAxMA==","","Noah Goo","https://www.linkedin.com/in/noah-goo","Sukky Nd-Ezuma","https://www.linkedin.com/in/sukky-nd-ezuma-54643b229","2026-06-10 23:23:33 UTC","","Hi Sukky! I'm so sorry I never responded to this message! To be honest I was trying to connect with people whose work I was interested in but then I got overwhelmed with school and life haha. But if you are available sometime in the future I'd love to chat with you about your work at Qualtrics!","INBOX",""
"2-OGMzNDlmYWUtMDllNC00NWI2LTk1MTMtYzk5ZGM4ZTk2ZTJmXzAxMA==","","Sukky Nd-Ezuma","https://www.linkedin.com/in/sukky-nd-ezuma-54643b229","Noah Goo","https://www.linkedin.com/in/noah-goo","2025-01-21 14:05:28 UTC","","Hi Noah sorry just getting to this my week was pretty busy! But please let me know some time this week and let’s chat! Also what year are you currently in?","INBOX",""
"2-OGMzNDlmYWUtMDllNC00NWI2LTk1MTMtYzk5ZGM4ZTk2ZTJmXzAxMA==","","Noah Goo","https://www.linkedin.com/in/noah-goo","Sukky Nd-Ezuma","https://www.linkedin.com/in/sukky-nd-ezuma-54643b229","2025-01-12 22:39:59 UTC","","Awesome! I’d love to connect on a short call 10 min call if you’re available! I’m open anytime from 1-3 Wednesday through Friday or I can do any morning from 8-10 if that’s better! Just let me know what works best for you!","INBOX",""
"2-OGMzNDlmYWUtMDllNC00NWI2LTk1MTMtYzk5ZGM4ZTk2ZTJmXzAxMA==","","Sukky Nd-Ezuma","https://www.linkedin.com/in/sukky-nd-ezuma-54643b229","Noah Goo","https://www.linkedin.com/in/noah-goo","2025-01-12 14:17:23 UTC","","I am happy to chat with you! Please feel free to send any questions or let me know if you prefer a call. More than happy to share my experience at Qualtrics ","INBOX",""
"2-OGMzNDlmYWUtMDllNC00NWI2LTk1MTMtYzk5ZGM4ZTk2ZTJmXzAxMA==","","Sukky Nd-Ezuma","https://www.linkedin.com/in/sukky-nd-ezuma-54643b229","Noah Goo","https://www.linkedin.com/in/noah-goo","2025-01-12 14:15:40 UTC","","Hi, Noah","INBOX",""
"2-OGMzNDlmYWUtMDllNC00NWI2LTk1MTMtYzk5ZGM4ZTk2ZTJmXzAxMA==","","Noah Goo","https://www.linkedin.com/in/noah-goo","Sukky Nd-Ezuma","https://www.linkedin.com/in/sukky-nd-ezuma-54643b229","2025-01-11 01:16:32 UTC","","Hi Sukky, I’m a BYU computer engineering student interested in software engineering. I’d love to connect and hear about your journey at Qualtrics and any advice you have for starting in tech.","INBOX",""
"2-MjU4MWNlM2YtMmZhMC00YjhmLTkwMzUtM2M1ODM5OWZlMzk1XzEwMA==","Kenton's Cuz?","Noah Goo","https://www.linkedin.com/in/noah-goo","Carden Reynolds","https://www.linkedin.com/in/carden-reynolds-87990020a","2026-09-10 20:28:03 UTC","Kenton's Cuz?","Hey Carden! Thanks for reaching out, I just signed up for a time to chat next week. Excited to get to know you and learn more about Redo!","INBOX",""
"2-MjU4MWNlM2YtMmZhMC00YjhmLTkwMzUtM2M1ODM5OWZlMzk1XzEwMA==","Kenton's Cuz?","Carden Reynolds","https://www.linkedin.com/in/carden-reynolds-87990020a","Noah Goo","https://www.linkedin.com/in/noah-goo","2026-09-10 15:42:31 UTC","Kenton's Cuz?","Hey Noah, nice to meet you! Your cuz Kenton said that you wanted to learn more about getting a job here at Redo - in case you haven't been given a link to my calendar yet, please grab a time that works for you and happy to talk more. https://calendar.app.google/kPWkGos4WFT7Q7Lh7 chat soon!

Carden Reynolds
Executive Recruiter | Redo","INBOX",""
"2-Y2NiNjhlYWItZWM3Ni00MzQzLWIyN2QtNzhhZGE3YzY3ZjZlXzEwMA==","Padel with the Netic team this Sunday","Will Furlow","https://www.linkedin.com/in/will-furlow-186737232","Noah Goo","https://www.linkedin.com/in/noah-goo","2026-08-22 08:19:42 UTC","Padel with the Netic team this Sunday","Hi Noah!

I’m Will, an engineer at Netic. We came across your profile and were excited by your background, so I wanted to personally invite you to a padel event we’re hosting this Sunday, 8/23, with a small group of engineers and students around SF.

Netic is a Series B company backed by Founders Fund and Greylock, building AI that directly generates revenue for essential service businesses. We started in home services and have since grown into more than 10 industries.

We’re hiring early-career engineers, new grads, and interns who want real ownership on day one. This means building agent platforms and shipping straight into live customer deployments.

Come hit some balls, meet the team, and hear what we’re building. No padel experience needed; we’ll have people of every level there! Feel free to bring a friend if there’s someone you think would enjoy it.

Sunday, August 23 · 1:00–4:00 PM
Bay Padel, Dogpatch
RSVP: https://partiful.com/e/ZS0Yf4KhlEiWjHpl40CO

Slots fill up fast, so be sure to RSVP soon!

Will Furlow
Engineer at Netic","INBOX",""
"2-MDgwNjQ5YmQtODM0ZS00YmY1LWEzZjQtYmVkMDZhNTI1OWUzXzEwMA==","","Noah Goo","https://www.linkedin.com/in/noah-goo","Allison Smith Desjardins","https://www.linkedin.com/in/allison-smith-desjardins-a0504411","2026-07-24 11:45:51 UTC","","Hi Allison thank you for putting on the amazing HBS event tonight! I learned so much about the HBS and its inspired me to prepare an application!","INBOX",""
"2-YzA5OWM3NWItM2FmNi00NWIyLWEwZDYtMDk1MDg5N2Q4OGJmXzEwMA==","","Kimball Palmer","https://www.linkedin.com/in/kimball-j-palmer","Noah Goo","https://www.linkedin.com/in/noah-goo","2026-07-11 12:50:28 UTC","","Hey Noah! I’m a BYU grad/vc at Kickstart. I'm getting the word out about the entrepreneurship/vc class we teach in the Fall (ENT 425). Seriously, one of the best under-the-radar classes at BYU. Low lift, learn a ton, & we bring in killer unicorn founders & vc guest speakers. You should take it!","INBOX",""
"2-YTYxYzczY2MtZDc2Zi00NzI3LWExYWQtZjIxZTA3NTI1NTM1XzEwMA==","","Rugby Taylor","https://www.linkedin.com/in/rugby-taylor","Noah Goo","https://www.linkedin.com/in/noah-goo","2026-07-01 18:43:11 UTC","","cool. We are holding some interviews to discuss the project and gauge interest. Those will be over the next week or so and if you are interested you should reach out to Brayden Bowers and he will schedule a zoom interview with you

bbowers8@student.byu.edu","INBOX",""
"2-YTYxYzczY2MtZDc2Zi00NzI3LWExYWQtZjIxZTA3NTI1NTM1XzEwMA==","","Noah Goo","https://www.linkedin.com/in/noah-goo","Rugby Taylor","https://www.linkedin.com/in/rugby-taylor","2026-06-21 18:03:17 UTC","","Hey this definitely sounds interesting. I’m down to learn more about the project and see if its best for me this year. ","INBOX",""
"2-YTYxYzczY2MtZDc2Zi00NzI3LWExYWQtZjIxZTA3NTI1NTM1XzEwMA==","","Rugby Taylor","https://www.linkedin.com/in/rugby-taylor","Noah Goo","https://www.linkedin.com/in/noah-goo","2026-06-20 16:47:27 UTC","","hey dude I got a random question for you. I am with the BYU Formula SAE team and we are looking to recruit some computer engineers for our capstone project this upcoming year. We are looking for people that can help us with the controls software and feedback loop for a custom inverter design. This would involve a lot of real-time software development as well as embedded PCB design. lmk if you are interested and I can connect you with the right people","INBOX",""
"2-NWVkZTBmYjgtMGJiMS00NzhiLWEyYzctMWViMjBlMjQ1MDAwXzEwMA==","","Noah Goo","https://www.linkedin.com/in/noah-goo","Jake Christensen","https://www.linkedin.com/in/jacobchristensen2","2026-06-19 23:10:17 UTC","","Hey Jake, thanks for connecting!

I’m really interested in the work Adobe is doing with AI, especially Firefly and how it’s being integrated into the products.

If you’re open to it, I’d love to hear a bit about what your team works on and what your experience at Adobe has been like. And if you have time for a quick 15–20 minute virtual chat in the next couple of weeks, I’d really appreciate the chance to ask you a few questions.","INBOX",""
"2-YjZmYWYzMjYtOGVmYS00ZmJlLWFlN2UtZjA2OTJiNTE4ODRjXzEwMA==","","Noah Goo","https://www.linkedin.com/in/noah-goo","Brad Daw","https://www.linkedin.com/in/brad-daw-bb10a53","2026-06-10 23:19:55 UTC","","Hey Brad! Thanks for accepting my connection, I'm going to be a senior at BYU and I'm trying to learn about local Utah tech companies like Adobe. I'd love to spend 15-30 minutes if you're available learning about what it's like to work there!","INBOX",""
"2-YzBlYjg1ZDMtYjljMy00YjkzLWJlZTUtYmE1MWQ0NjM5ODIxXzEwMA==","","Noah Goo","https://www.linkedin.com/in/noah-goo","Fernando Ribeiro","https://www.linkedin.com/in/fernandohr","2026-06-10 23:18:09 UTC","","Hey Fernando! Thanks for accepting my connection, I'm a computer engineering major at BYU and I'm trying to learn more about local Utah tech companies like Adobe. I'd love to spend 15-30 minutes learning about your role and experience there if you're available!","INBOX",""
"2-NGQwMzY1YmQtNGEwMi00YWFiLTk0ZWUtNmY2ODU5MTZkNGE2XzEwMA==","","Dusty Register","https://www.linkedin.com/in/dustyregister","Noah Goo","https://www.linkedin.com/in/noah-goo","2026-06-03 21:00:07 UTC","","Thanks for coming out Noah!","INBOX",""
"2-NGQwMzY1YmQtNGEwMi00YWFiLTk0ZWUtNmY2ODU5MTZkNGE2XzEwMA==","","Noah Goo","https://www.linkedin.com/in/noah-goo","Dusty Register","https://www.linkedin.com/in/dustyregister","2026-06-03 02:05:41 UTC","","Hey Dusty thanks for all the insights you shared at the HSB event tonight! It was great to meet you and hear your advice!","INBOX",""
"2-OTliNzk2MmYtYjI4Zi00MzRjLTg3MTYtYzcyZDI5MjVlYmMyXzEwMA==","","Brandon Houston","https://www.linkedin.com/in/brandonhoustoncfa","Noah Goo","https://www.linkedin.com/in/noah-goo","2026-05-21 21:49:44 UTC","","Noah!!!","INBOX",""
"2-NzNjYWU0ZDItNWI3Yi00OTg5LTk4MTQtODFmNDM5ZjVlOWVmXzEwMA==","","Noah Goo","https://www.linkedin.com/in/noah-goo","Ben Glines","https://www.linkedin.com/in/ben-glines","2026-04-22 22:58:23 UTC","","Hi Ben, I’m a BYU CompE student and saw you’re a BYU alum at Nvidia. I’d love to connect and learn from your career journey.
","INBOX",""
"2-NWM5ZmNiNzgtYjliOC00ZjFjLTg0YzItNjUzNGFkOGVkOWM4XzEwMA==","","Noah Goo","https://www.linkedin.com/in/noah-goo","Angela Hood","https://www.linkedin.com/in/annhood","2026-03-19 01:08:29 UTC","","Hi Angela! I'm super excited to be learning from you this summer!","INBOX",""
"2-NWM5ZmNiNzgtYjliOC00ZjFjLTg0YzItNjUzNGFkOGVkOWM4XzEwMA==","","Angela Hood","https://www.linkedin.com/in/annhood","Noah Goo","https://www.linkedin.com/in/noah-goo","2026-03-19 01:08:07 UTC","","Hello!

I am on the security engineering team at Chick-fil-A, and I just learned you will be working with us this summer🥳 I'm excited to connect soon!","INBOX",""
"2-YWM5NjgxN2MtYzFiYS00NmRmLTk5NjktYmQyY2E1NDJhMDE1XzAxMw==","","Miya Ohms","https://www.linkedin.com/in/miya-ohms-8961b9302","Noah Goo","https://www.linkedin.com/in/noah-goo","2026-03-12 23:53:58 UTC","","💗","INBOX",""
"2-YWM5NjgxN2MtYzFiYS00NmRmLTk5NjktYmQyY2E1NDJhMDE1XzAxMw==","","Noah Goo","https://www.linkedin.com/in/noah-goo","Miya Ohms","https://www.linkedin.com/in/miya-ohms-8961b9302","2024-07-25 08:06:54 UTC","","https://www.linkedin.com/thread/2-YWM5NjgxN2MtYzFiYS00NmRmLTk5NjktYmQyY2E1NDJhMDE1XzAxMw==/conference/D5623AQFujA2Be41VGQ","INBOX",""
"2-YWM5NjgxN2MtYzFiYS00NmRmLTk5NjktYmQyY2E1NDJhMDE1XzAxMw==","","Noah Goo","https://www.linkedin.com/in/noah-goo","Miya Ohms","https://www.linkedin.com/in/miya-ohms-8961b9302","2024-07-25 08:06:43 UTC","","你好","INBOX",""
"2-YWM5NjgxN2MtYzFiYS00NmRmLTk5NjktYmQyY2E1NDJhMDE1XzAxMw==","","Miya Ohms","https://www.linkedin.com/in/miya-ohms-8961b9302","Noah Goo","https://www.linkedin.com/in/noah-goo","2024-07-25 08:06:25 UTC","","Hello Noah","INBOX",""
"2-M2QyNTMzMjAtZWEwMy00NzhkLTkyNjctNmM2ZDlkMmU3ODgyXzEwMA==","","David Attanasio","https://www.linkedin.com/in/david-attanasio-47925914","Noah Goo","https://www.linkedin.com/in/noah-goo","2026-03-09 12:14:11 UTC","","Hey Noah,

Great meeting you, Trevan, and Bryce on Saturday morning at the Sloan Conference — I really enjoyed our conversation and think NIL, prediction markets, and financial engineering could play an interesting role in college sports moving forward.

Let’s definitely stay in touch. I’m always happy to be a sounding board for ideas, questions, or projects you or the team may have, and I’ll keep you posted as SwapSquad moves toward launch and beta testing later this summer ahead of the NFL fantasy season.

All the best,
David","INBOX",""
"2-NzQ1NmFlMmItNjBhOS00ZTIxLThjODEtM2YyNDc2YmMwNTEyXzEwMA==","","Noah Goo","https://www.linkedin.com/in/noah-goo","Foster Truman","https://www.linkedin.com/in/foster-truman","2026-03-08 02:16:08 UTC","","Great meeting you too man!","INBOX",""
"2-NzQ1NmFlMmItNjBhOS00ZTIxLThjODEtM2YyNDc2YmMwNTEyXzEwMA==","","Foster Truman","https://www.linkedin.com/in/foster-truman","Noah Goo","https://www.linkedin.com/in/noah-goo","2026-03-08 02:15:45 UTC","","Great meeting you at the Sloan conference! Safe travels back to BYU.","INBOX",""
"2-ZjNjYTQ1MTYtYWE5Yi00NDQ3LTkzMjYtNWI0MmNmMDBlY2VkXzEwMA==","","Jose Medina","https://www.linkedin.com/in/jose-medina-677054169","Noah Goo","https://www.linkedin.com/in/noah-goo","2026-02-28 13:53:28 UTC","","Hi Noah, just wanted to see if you saw my last message. :)

Would you be interested in getting a free professional website built?

If so, I can send over some websites we’ve done so you can see how yours might look. If not, no problem—I won’t reach out again.

We can discuss this in more detail on a call as well!","INBOX",""
"2-ZjNjYTQ1MTYtYWE5Yi00NDQ3LTkzMjYtNWI0MmNmMDBlY2VkXzEwMA==","","Jose Medina","https://www.linkedin.com/in/jose-medina-677054169","Noah Goo","https://www.linkedin.com/in/noah-goo","2026-02-08 13:32:40 UTC","","Hi Noah -

Any interest in having a website built for you or your business — for free?

I’m a web developer with an agency that builds websites for people, but without charging them for our work. We’ve created 30,000+ free websites so far, and we’re rated #1 on Trustpilot and G2.

Does this seem like something you’d be interested in?

If so, send me a quick note and I’ll let you know how to apply.

Thanks,
Jose","INBOX",""
"2-YjMxYWU5MDUtNGI3NC00YzhlLWE2MjgtZTkzNjkwODVjZjVlXzEwMA==","","Jeanette Rogers, Intern/Co-Op Program","https://www.linkedin.com/in/jeanette-rogers-intern-co-op-program-7bb738187","Noah Goo","https://www.linkedin.com/in/noah-goo","2026-02-16 23:12:18 UTC","","Excited to have you!!!","INBOX",""
"2-YjMxYWU5MDUtNGI3NC00YzhlLWE2MjgtZTkzNjkwODVjZjVlXzEwMA==","","Noah Goo","https://www.linkedin.com/in/noah-goo","Jeanette Rogers, Intern/Co-Op Program","https://www.linkedin.com/in/jeanette-rogers-intern-co-op-program-7bb738187","2026-02-16 23:12:17 UTC","","Hi Jeanette! I'm so excited to be working as an intern at Chick-fil-A this summer!","INBOX",""
"2-ZDk2ZDhkNTctYjU2MC00YTdlLWJjZmQtMTc1MDk4M2E4MmQ3XzEwMA==","","Noah Goo","https://www.linkedin.com/in/noah-goo","Wayne Li","https://www.linkedin.com/in/wayne-l-6a271b132","2025-12-17 08:10:55 UTC","","Hi Wayne! I'm looking to connect and learn from professional embedded systems engineers so I'd love the chance to connect with you!","INBOX",""
"2-YmRmN2NjY2ItOTg1MC00MzZiLWIwM2ItYWRiZTUwZjFmY2M4XzEwMA==","","Noah Goo","https://www.linkedin.com/in/noah-goo","Alec Petersen","https://www.linkedin.com/in/kalecpetersen","2025-12-12 14:42:32 UTC","","Hi Alec! I'm trying to learn from professional embedded systems engineers and I'd love the opportunity to connect with you!","INBOX",""
"2-ODBkYzJiODktMGRkMi00ZDZkLTlhNDItOTJmMzMxNWVhYWJmXzEwMA==","","James Krzymowski","https://www.linkedin.com/in/james-krzymowski-b20965231","Noah Goo","https://www.linkedin.com/in/noah-goo","2025-10-15 00:39:05 UTC","","Hey Noah I work for a window cleaning company and we are looking for a developer for 2 projects we are working on wondering if you’d be interested. 
Both are probably not more than a couple hours of work and we’re happy to pay","INBOX",""
"2-NDY2YzNmMDgtN2I2Ni00Yjk4LWE1M2MtZGJhOTYyNGNmYTBiXzEwMA==","","Valentine U","https://www.linkedin.com/in/valentine-u-45851a21a","Noah Goo","https://www.linkedin.com/in/noah-goo","2025-10-09 22:30:21 UTC","","Congrats on your 1 year anniversary at Brigham Young University!","INBOX",""
"2-NDY2YzNmMDgtN2I2Ni00Yjk4LWE1M2MtZGJhOTYyNGNmYTBiXzEwMA==","","Valentine U","https://www.linkedin.com/in/valentine-u-45851a21a","Noah Goo","https://www.linkedin.com/in/noah-goo","2025-09-26 17:28:49 UTC","","Congrats on starting your new role at RocketFuel Recharge | Fintech for Fulfillment!","INBOX",""
"2-NGEyMzA1YzktZmNhMi00MDIyLWFlZWQtMDcxOTYzN2U5M2Y2XzAxMA==","","Roberto Maldonado","https://www.linkedin.com/in/roberto-maldonado-158688105","Noah Goo","https://www.linkedin.com/in/noah-goo","2025-09-30 02:06:19 UTC","","Congrats on your 1 year anniversary at Brigham Young University!","INBOX",""
"2-NGEyMzA1YzktZmNhMi00MDIyLWFlZWQtMDcxOTYzN2U5M2Y2XzAxMA==","","Roberto Maldonado","https://www.linkedin.com/in/roberto-maldonado-158688105","Noah Goo","https://www.linkedin.com/in/noah-goo","2025-09-27 03:47:53 UTC","","Congrats on starting your new role at RocketFuel Recharge | Fintech for Fulfillment!","INBOX",""
"2-NGEyMzA1YzktZmNhMi00MDIyLWFlZWQtMDcxOTYzN2U5M2Y2XzAxMA==","","Roberto Maldonado","https://www.linkedin.com/in/roberto-maldonado-158688105","Noah Goo","https://www.linkedin.com/in/noah-goo","2024-11-06 01:33:49 UTC","","Hi Noah,

It's great connecting with you. ","INBOX",""
"2-NmMyNzUwZWItMTkzYi00YTQ3LTlhNzItMTU1OGE0ODBiN2NiXzEwMA==","","Kimball Berrett","https://www.linkedin.com/in/kimball-berrett-a639961b5","Noah Goo","https://www.linkedin.com/in/noah-goo","2025-09-19 16:12:51 UTC","","But maybe I’ll set that until I get a new one with Mylee ","INBOX",""
"2-NmMyNzUwZWItMTkzYi00YTQ3LTlhNzItMTU1OGE0ODBiN2NiXzEwMA==","","Kimball Berrett","https://www.linkedin.com/in/kimball-berrett-a639961b5","Noah Goo","https://www.linkedin.com/in/noah-goo","2025-09-19 16:12:42 UTC","","They gave us a free headshot to start IS and mines so bad lol","INBOX",""
"2-NmMyNzUwZWItMTkzYi00YTQ3LTlhNzItMTU1OGE0ODBiN2NiXzEwMA==","","Noah Goo","https://www.linkedin.com/in/noah-goo","Kimball Berrett","https://www.linkedin.com/in/kimball-berrett-a639961b5","2025-09-19 15:57:13 UTC","","Haha that was like me for a long time and then we got wedding pics back","INBOX",""
"2-NmMyNzUwZWItMTkzYi00YTQ3LTlhNzItMTU1OGE0ODBiN2NiXzEwMA==","","Kimball Berrett","https://www.linkedin.com/in/kimball-berrett-a639961b5","Noah Goo","https://www.linkedin.com/in/noah-goo","2025-09-19 15:32:18 UTC","","Mylee and I are gonna take new pics soon but I haven’t changed it since I was 16 lol","INBOX",""
"2-NmMyNzUwZWItMTkzYi00YTQ3LTlhNzItMTU1OGE0ODBiN2NiXzEwMA==","","Kimball Berrett","https://www.linkedin.com/in/kimball-berrett-a639961b5","Noah Goo","https://www.linkedin.com/in/noah-goo","2025-09-19 15:32:00 UTC","","Cause I am💀💀","INBOX",""
"2-NmMyNzUwZWItMTkzYi00YTQ3LTlhNzItMTU1OGE0ODBiN2NiXzEwMA==","","Noah Goo","https://www.linkedin.com/in/noah-goo","Kimball Berrett","https://www.linkedin.com/in/kimball-berrett-a639961b5","2025-09-19 15:01:26 UTC","","Dang bro why you look like you 16 😂","INBOX",""
"2-NTRkMGZlOTktMDJjNS00NWY3LTk4M2QtNTYxZTg4NWI1YjFjXzEwMA==","","Rob Cornilles","https://www.linkedin.com/in/robcornilles","Noah Goo","https://www.linkedin.com/in/noah-goo","2025-04-10 23:05:09 UTC","","Hi, Noah– I hope your year’s going well so far!


Since we’re already connected here, I’d love to invite you to follow our Game Face page, too. We’re celebrating 30 years with some exciting releases and helpful content coming soon – we would love to keep you in the loop.


Here’s the link: https://www.linkedin.com/company/game-face-inc./","INBOX",""
"2-NTRkMGZlOTktMDJjNS00NWY3LTk4M2QtNTYxZTg4NWI1YjFjXzEwMA==","","Noah Goo","https://www.linkedin.com/in/noah-goo","Rob Cornilles","https://www.linkedin.com/in/robcornilles","2025-04-08 17:20:39 UTC","","Hey Rob! I was one of the students who came to your event for Alumni and External Relations. Thanks so much for what you shared! It really changed my perspective on sales and makes me want to improve!","INBOX",""
"2-ODQ1NGNiOWMtNzRkMS00NzJlLWIyZTMtNWUyNjEzNDZhYjJiXzEwMA==","","Abdoulie Jobe","https://www.linkedin.com/in/abdoulie-jobe-84b488234","Noah Goo","https://www.linkedin.com/in/noah-goo","2025-03-02 18:02:23 UTC","","Hi, How are you doing? it’s great to connect with you! 

I’m Abdoulie from The Gambia 🇬🇲.
Wishing you a very lovely and good day.❤️❤️
Hope my message would found you in peace and harmony.
Hope to hear you back!! ","INBOX",""
"2-ZWZmNmI0ZGQtNWY2Ni00MWY3LWI5NTYtNmQwY2NkY2M2YmQ1XzAxMA==","","Noah Goo","https://www.linkedin.com/in/noah-goo","Carine Strom Clark","https://www.linkedin.com/in/cscproductions","2025-01-17 15:25:16 UTC","","Hi Carine! I recently listened to you speak for the Entrepreneur Tech Lecture series at BYU. Thank you for what you shared and your testimony of the gospel! It inspired me to keep trusting in God!","INBOX",""
"2-MmI2NWI4YTUtYWM3Ny00NGI1LWE5NWItMzVmZWY3N2I1MDA1XzAxMA==","","Sean Titensor","https://www.linkedin.com/in/sean-titensor","Noah Goo","https://www.linkedin.com/in/noah-goo","2024-09-20 20:52:06 UTC","","Congrats on the new role!","INBOX",""
"2-ZDE1Njc1MjYtMmEzMi00ZDExLTg1NzctNzJhZWJlMWY1ZmU4XzAxMA==","","Sara Jackson","https://www.linkedin.com/in/sara-jackson-542523210","Noah Goo","https://www.linkedin.com/in/noah-goo","2024-09-20 00:35:49 UTC","","Hey Noah,

Thanks for connecting! Nice to meet you. 

I wanted to see if you're interested in buying a home or investment in the next six months. We own a large portfolio of rentals in Utah and got started by house hacking! 

With inventory rising and rate drops announced, there will be a large number of concessions in the market coming up soon but won't last forever.

We have access to 0% down loans for first-time home buyers and 10% down for investors. 

I’d love to have a quick chat. Do you have time over the next couple of days?","INBOX",""
"2-MTU3ZTJlZDktMzZiYy00MWRhLTg5NWYtOGU3ZGMxMGUwNTg5XzAxMA==","","Brooks Dalton","https://www.linkedin.com/in/brooks-dalton-89180b1a1","Noah Goo","https://www.linkedin.com/in/noah-goo","2024-09-13 22:07:18 UTC","","Hi Noah,

I wanted to follow up to see if you're interested in buying a first home or house hacking your next property? We've used some creative strategies to acquire homes and supplement income to bring down the mortgage. 

Let me know if I can be of help in this area!

Thanks,
Brooks","INBOX",""
"2-MTU3ZTJlZDktMzZiYy00MWRhLTg5NWYtOGU3ZGMxMGUwNTg5XzAxMA==","","Brooks Dalton","https://www.linkedin.com/in/brooks-dalton-89180b1a1","Noah Goo","https://www.linkedin.com/in/noah-goo","2024-07-29 16:02:44 UTC","","Hey Noah,

Thanks for connecting! Nice to meet you. 

I wanted to see if you're interested in buying a home or investment in the next six months. We own a large portfolio of rentals in Utah and got started by house hacking! 

With inventory rising and rate drops announced, there will be a large number of concessions in the market coming up soon but won't last forever.

We have access to 0% down loans for first-time home buyers and 10% down for investors. 

I’d love to have a quick chat. Do you have time over the next couple of days?","INBOX",""
"2-Y2IyMTFkYWItYWZjZC00YjY1LWJhZjYtN2JhNjk2MjdlZjk5XzAxMA==","","LinkedIn for Students","https://www.linkedin.com/in/linkedinforstudents","Noah Goo","https://www.linkedin.com/in/noah-goo","2024-09-10 22:10:53 UTC","Play LinkedIn games for students, score free Premium","Hey Noah!

I graduated from college several years ago and now work at LinkedIn. I remember how busy back-to-school time was — new classes, new friends, and figuring out life… it’s a lot!

To give your brain a reset during the hustle, we’ve launched a fun new feature for students: LinkedIn games — and you can win a LinkedIn Premium subscription (6 mos, $240 USD value), Perplexity Pro subscription (12 mos, $200 USD value), and even a $1,000 USD Amazon gift card by playing. Take your shot with any of our three games:

👑 Queens — Crown each region (linkedin.com/games/queens)
📌 Pinpoint — Guess the category (linkedin.com/games/pinpoint)
🪜 Crossclimb — Unlock a trivia ladder (linkedin.com/games/crossclimb)

LinkedIn Premium and the AI-powered answer engine Perplexity Pro are two of the best tools to land an internship/job and power through classwork — so get your game on! I’ve also found the games to just be a fun way to take a mental break, push through that assignment, and compete with friends and family — and hope you do too.

For full details on the contest, including Terms and Conditions, please visit lnkd.in/studybreak.

Good luck!

Lakshman Somasundaram
Director of Product Management (and Head of Games!) @ LinkedIn
linkedin.com/in/lakshmansom

——————————————

PS: You can also find the games by visiting linkedin.com/games, or tapping on your profile picture on mobile (top left corner). If you’d like to unsubscribe to messages about games, you can do so here: lnkd.in/a6284859. Or, if you’re no longer a student, please update your profile!","INBOX",""
"2-MWJhZDFlNzMtNjYyNC00ZmQ1LWE0MzUtNWVlZDZiMzQ3MzY3XzAxMA==","","Cary Boucher","https://www.linkedin.com/in/cary-boucher","Noah Goo","https://www.linkedin.com/in/noah-goo","2024-07-24 14:40:57 UTC","","Hi Noah,

It's great connecting with you. Are you open to chatting with the salesforce team about your tech stack? Wondering if we could help your business as I support our healthcare customers like you","INBOX",""
"2-NDA2ZTM1OWItNzZhZS00N2M3LTljMWYtZThmNGNkNDYzY2M1XzAxMg==","Service Desk Professional!","Shaye Sellers","https://www.linkedin.com/in/shaye-sellers-155214132","Noah Goo","https://www.linkedin.com/in/noah-goo","2023-09-18 17:30:55 UTC","Service Desk Professional!","Hi Noah! 

I hope you are doing well! My name is Shaye and I am a technical recruiter at Kforce! I was reviewing your profile today and I am reaching out because I have a hiring manager that I'm working with who would be interested in speaking with someone with your experience. 

The ideal candidate will have strong Customer Service Skills. This candidate with also have the ability to trouble shoot, learn quickly, and problem solve.

You will stand out if you have experience with the following:
o Mobile Device support
o Office365 admin
o Active Directory
o 2-factor authentication
o General troubleshooting (Mac and PC)
o Minor Telecom work

This is a 6-month Contract - to - Hire opportunity that is remote in Utah. If this sounds like something you're interested in, please contact me directly with your availability for a phone call to discuss your background and career goals. This conversation is for me to learn as much as I can about you, so I can see what opportunities we have that you align best with. Please provide your most recently updated resume with your response.

Thanks so much in advance. I look forward to hearing from you!

Shaye Sellers
I’m motivated and eager to help you achieve your career goals. As technologies advance, so does the demand for the best IT talent. I connect Technology professionals with amazing companies.","INBOX",""
"2-ZjU3NmYyYWQtNWFjNC00ZDYxLWI3YTgtNTI3MDExM2IxMzE3XzEwMA==","Sponsored Conversation","LinkedIn Member","","Noah Goo","https://www.linkedin.com/in/noah-goo","2026-09-23 02:11:06 UTC","","<p class=""spinmail-quill-editor__spin-break"">Hi %FIRSTNAME%!</p><p class=""spinmail-quill-editor__spin-break"">Your profile aligns with qualities of the Coding team we are building at DataAnnotation - we are looking for coders to help us train AI. NO AI experience is required</p><p class=""spinmail-quill-editor__spin-break""><br></p><p class=""spinmail-quill-editor__spin-break"">We are looking for coders who know at least one (1) of the following: Python, SQL, JavaScript, HTML, C++, or C# to have conversations with chatbots.</p><p class=""spinmail-quill-editor__spin-break""><br></p><p class=""spinmail-quill-editor__spin-break"">You can get paid $1,600 per week ($40+/hour, most are even higher), work remotely and pick however many hours you'd like to work.</p><p class=""spinmail-quill-editor__spin-break""><br></p><p class=""spinmail-quill-editor__spin-break"">Ready to apply? Link is below.</p>","ARCHIVE",""
"2-NDg2MzYzZGEtYWJlMy00YmJhLWIxM2EtMjI0MWZiYTBhM2Y0XzEwMA==","Get CompTIA A+ certification ready in just five days!","Dan Funk","","Noah Goo","https://www.linkedin.com/in/noah-goo","2026-09-15 19:37:44 UTC","","<p class=""spinmail-quill-editor__spin-break"">Hi Noah,&nbsp;&nbsp;</p><p class=""spinmail-quill-editor__spin-break""><br></p><p class=""spinmail-quill-editor__spin-break"">I hope this message finds you well, I noticed your experience in IT and wanted to let you know about an exciting opportunity to uplevel your career. CIAT is offering a five-day, fully online, hands-on CompTIA A+ certification bootcamp! At only $995, you’ll receive the following:&nbsp;</p><p class=""spinmail-quill-editor__spin-break""><br></p><ul><li>Live Instruction from Certified Expert Instructors&nbsp;</li><li>Exam Vouchers with Unlimited Certification Attempts&nbsp;</li><li>Accelerated Learning Method&nbsp;</li><li>Premium Test Prep Software&nbsp;</li><li>Realistic, Hands-On Labs&nbsp;</li><li>100% Live Virtual Certification Training&nbsp;</li></ul><p class=""spinmail-quill-editor__spin-break"">And that's not all! We are now offering a 20% discount through the end of September, with code EOY20.</p><p class=""spinmail-quill-editor__spin-break""><br></p><p class=""spinmail-quill-editor__spin-break"">During the bootcamp, you'll prepare for the CompTIA A+ certification exam through our authorized CompTIA curriculum and materials, all taught by a professional working in the field! Master hardware, network, and software troubleshooting, along with virtualization and cloud computing. Professionals with this certification can position themselves for in-demand roles such as:&nbsp;</p><p class=""spinmail-quill-editor__spin-break""><br></p><ul><li>IT Support Specialist&nbsp;</li><li>Help Desk Technician&nbsp;</li><li>Desktop Support Technician&nbsp;</li><li>System Administrator&nbsp;</li></ul><p class=""spinmail-quill-editor__spin-break"">I've seen so many aspiring professionals transform their careers through CIAT programs, and I'd love to share some of their stories with you, if you're open to it. If you're curious about taking this next step, no pressure at all – just click below to learn more.&nbsp;&nbsp;</p><p class=""spinmail-quill-editor__spin-break""><br></p><p class=""spinmail-quill-editor__spin-break"">Talk to you soon!&nbsp;&nbsp;</p><p class=""spinmail-quill-editor__spin-break"">Dan&nbsp;</p>","ARCHIVE",""
"2-NTQzNDAwZjYtYWYzNS00YzMyLWFiMmYtZTdhMTRhMmYzNzdjXzEwMA==","Sponsored Conversation","LinkedIn Member","","Noah Goo","https://www.linkedin.com/in/noah-goo","2026-09-08 14:56:38 UTC","","<p class=""spinmail-quill-editor__spin-break"">%FIRSTNAME%, with a <strong>Master of Accounting</strong>, you'll qualify for <strong>high-paying roles</strong> where you have the chance to lead teams and innovate in the workplace.</p><p class=""spinmail-quill-editor__spin-break""><br></p><p class=""spinmail-quill-editor__spin-break"">The <strong>University of Utah's MAcc program</strong> focuses on training your industry-specific knowledge and your leadership skills, making you the ideal candidate for your dream career.</p><p class=""spinmail-quill-editor__spin-break""><br></p><p class=""spinmail-quill-editor__spin-break"">Ready to learn more? Join the online <strong>Information Session</strong> on September 22!</p>","ARCHIVE",""
"2-YjlkMzllODgtYzY4NC00OTI4LTg2M2UtNzE0MTM1ZjM1MWVmXzEwMA==","Sponsored Conversation","LinkedIn Member","","Noah Goo","https://www.linkedin.com/in/noah-goo","2026-08-28 01:23:14 UTC","","<p class=""spinmail-quill-editor__spin-break""><br></p><p class=""spinmail-quill-editor__spin-break"">Hi %FIRSTNAME%,</p><p class=""spinmail-quill-editor__spin-break""><br></p><p class=""spinmail-quill-editor__spin-break"">Your profile caught our eye and we think our program could be a great opportunity for you.</p><p class=""spinmail-quill-editor__spin-break""><br></p><p class=""spinmail-quill-editor__spin-break"">Purdue University's online Foundations of Artificial Intelligence Graduate Certificate is designed for professionals who want to build in-demand AI skills and advance their careers without committing to a full master's degree. Through a flexible online format, you'll gain foundational knowledge of artificial intelligence, explore its real-world applications and develop an understanding of the technologies transforming today's workforce.</p><p class=""spinmail-quill-editor__spin-break""><br></p><p class=""spinmail-quill-editor__spin-break"">This focused graduate certificate provides a fast and affordable way to develop practical AI expertise that can be applied immediately in your current role. Whether you're looking to enhance your technical skillset, better understand how AI is impacting your industry or prepare for future graduate study, you'll gain the knowledge needed to navigate and leverage AI with confidence.</p><p class=""spinmail-quill-editor__spin-break""><br></p><p class=""spinmail-quill-editor__spin-break"">Ready to take your next giant leap?</p>","ARCHIVE",""
"2-N2E1MWVmNmQtNzZkYi00ZDBlLTkwOWMtMDQ1NWM4MmM3OTBiXzEwMA==","Surge COD AT Message 1","LinkedIn Member","","Noah Goo","https://www.linkedin.com/in/noah-goo","2026-08-20 14:53:04 UTC","","Hi %FIRSTNAME%!<br><br>Your profile aligns with qualities of the Coding team we are building at DataAnnotation - we are looking for coders to help us train AI. NO AI experience is required.<br><br>We are looking for coders who know at least one (1) of the following: Python, SQL, JavaScript, HTML, C++, or C# to have conversations with chatbots.<br><br>You can get paid $1,600 per week ($40+/hour, most are even higher), work remotely and pick however many hours you'd like to work.<br><br>Ready to apply? Link is below.","ARCHIVE",""
"2-YmUyNTgzODctODA2MS00MGZiLWE3ZGUtOWNlMzA3ZmJmZTYwXzEwMA==","Sponsored Conversation","LinkedIn Member","","Noah Goo","https://www.linkedin.com/in/noah-goo","2026-08-14 21:12:17 UTC","","<p class=""spinmail-quill-editor__spin-break"">Hi there, %FIRSTNAME%!</p><p class=""spinmail-quill-editor__spin-break""><br></p><p class=""spinmail-quill-editor__spin-break"">Did you know that LinkedIn Premium has helped <strong>3.2 million members land a job in the past year</strong>? We'd like to offer you 1-month free trial to LinkedIn Premium to turn your job search into job success.</p><p class=""spinmail-quill-editor__spin-break""><br></p><p class=""spinmail-quill-editor__spin-break"">With Premium, unlock access to features to help stand to hiring managers, network with recruiters, and build skills to advance your career.</p>","ARCHIVE",""
"2-NGMzNWMzNWEtMjNhNC00OTMyLThkYTEtMzk4MDQ0OWRjNGU3XzEwMA==","Sponsored Conversation","LinkedIn Member","","Noah Goo","https://www.linkedin.com/in/noah-goo","2026-08-09 15:11:19 UTC","","<p class=""spinmail-quill-editor__spin-break"">Hi %FIRSTNAME%! Did you know that <strong>56% of our students get promoted</strong> before they even finish their degree?</p><p class=""spinmail-quill-editor__spin-break""><br></p><p class=""spinmail-quill-editor__spin-break"">The <strong>University of Utah Professional MBA</strong> makes it possible with just <strong>two nights of class per week,</strong> so you never have to slow down to get ahead.</p><p class=""spinmail-quill-editor__spin-break""><br></p><p class=""spinmail-quill-editor__spin-break""><strong>Download our guide</strong> to learn exactly how the Professional MBA differs from other MBA programs, and why it might be a great fit for you!</p>","ARCHIVE",""
"2-NTM5ZTIyZjUtZmRlMC00M2ZiLThmYTAtMDBjZTljZTI5ZjVjXzEwMA==","Sponsored Conversation","LinkedIn Member","","Noah Goo","https://www.linkedin.com/in/noah-goo","2026-08-02 13:58:26 UTC","","<p class=""spinmail-quill-editor__spin-break"">%FIRSTNAME%, with a <strong>Master of Accounting</strong>, you'll qualify for <strong>high-paying roles</strong> where you have the chance to lead teams and innovate in the workplace.</p><p class=""spinmail-quill-editor__spin-break""><br></p><p class=""spinmail-quill-editor__spin-break"">The <strong>University of Utah's MAcc program</strong> focuses on training your industry-specific knowledge and your leadership skills, making you the ideal candidate for your dream career.</p><p class=""spinmail-quill-editor__spin-break""><br></p><p class=""spinmail-quill-editor__spin-break"">Ready to learn more? Join the online <strong>Information Session</strong> on August 12!</p>","ARCHIVE",""
"2-NGQwMTMxMWMtMjkwOS00NDlkLWI4YzMtYjAxZmI4NjU0ZGZlXzEwMA==","Sponsored Conversation","LinkedIn Member","","Noah Goo","https://www.linkedin.com/in/noah-goo","2026-07-26 00:10:09 UTC","","<p class=""spinmail-quill-editor__spin-break"">Hi %FIRSTNAME%,</p><p class=""spinmail-quill-editor__spin-break""><br></p><p class=""spinmail-quill-editor__spin-break"">Ready to lead in a data-driven world? Cornell’s part-time, 16-month, mostly online MSBA blends AI, data science, and business for maximum ROI, so you can build in-demand skills and advance your career without putting it on hold.</p><p class=""spinmail-quill-editor__spin-break""><br></p><p class=""spinmail-quill-editor__spin-break"">This STEM-designated program offers the flexibility to work full-time while earning a degree that signals technical expertise, strategic thinking, and leadership potential to top employers across industries.</p>","ARCHIVE",""
"2-ZWE4YmM4MjktNTNmYS00OWY1LWE1ODUtNjVjZmU3ODczZmVhXzEwMA==","Remote AI projects for software engineers up to $65/hr","Alex McClelland","","Noah Goo","https://www.linkedin.com/in/noah-goo","2026-07-18 23:04:12 UTC","","<p class=""spinmail-quill-editor__spin-break"">Hi Noah!</p><p class=""spinmail-quill-editor__spin-break""><br></p><p class=""spinmail-quill-editor__spin-break"">I’m Alex with the Handshake AI team. I’m reaching out because I think your SWE Intern experience would make you a great candidate for our <a rel=""noopener"" href=""https://joinhandshake.com/ai/opportunities/software-engineer?utm_campaign=HAI+20260212_Software+Engineer_4YOE_Broad_Message&li_fat_id=fccb8921-fea1-4054-b2d7-68c145f4fd58&utm_medium=cpc&utm_content=HAI+20260212_Software+Engineers_4YOE_Broad_Message_VJMobile1&campaignid=535206976&utm_source=linkedin_ads&ad_id=1322207906"" target=""_blank"">Software Engineer</a> position in our fellowship program.</p><p class=""spinmail-quill-editor__spin-break""><br></p><p class=""spinmail-quill-editor__spin-break"">The Handshake AI Fellowship is a program that connects professionals like you with top AI labs where your expertise helps challenge and improve AI models—pushing them beyond the limits of internet-trained data.</p><p class=""spinmail-quill-editor__spin-break""><br></p><p class=""spinmail-quill-editor__spin-break""><strong>What to know:</strong></p><ul><li><strong>Competitive pay up to $65/hr&nbsp;</strong></li><li><strong>Fully remote work&nbsp;</strong></li><li><strong>No AI experience required needed</strong></li><li><strong>10-min application + training</strong></li><li><strong>Join a priority pool for AI lab projects</strong></li></ul><p class=""spinmail-quill-editor__spin-break"">This is a way to apply your software development expertise in new ways, all while earning extra income. Let me know what you think! You can<a rel=""noopener"" href=""https://joinhandshake.com/move-program/opportunities/design-expert/?domain=UXdesign&degree=general&utm_campaign=HAI+20260212_Software+Engineer_4YOE_Broad_Message&li_fat_id=fccb8921-fea1-4054-b2d7-68c145f4fd58&utm_medium=cpc&utm_content=HAI+20260212_Software+Engineers_4YOE_Broad_Message_VJMobile1&campaignid=535206976&utm_source=linkedin_ads&ad_id=1322207906"" target=""_blank""><strong> </strong></a><a rel=""noopener"" href=""https://joinhandshake.com/ai/opportunities/software-engineer?utm_campaign=HAI+20260212_Software+Engineer_4YOE_Broad_Message&li_fat_id=fccb8921-fea1-4054-b2d7-68c145f4fd58&utm_medium=cpc&utm_content=HAI+20260212_Software+Engineers_4YOE_Broad_Message_VJMobile1&campaignid=535206976&utm_source=linkedin_ads&ad_id=1322207906"" target=""_blank""><strong>apply here</strong></a><a rel=""noopener"" href=""https://joinhandshake.com/move-program/opportunities/design-expert/?domain=UXdesign&degree=general&utm_campaign=HAI+20260212_Software+Engineer_4YOE_Broad_Message&li_fat_id=fccb8921-fea1-4054-b2d7-68c145f4fd58&utm_medium=cpc&utm_content=HAI+20260212_Software+Engineers_4YOE_Broad_Message_VJMobile1&campaignid=535206976&utm_source=linkedin_ads&ad_id=1322207906"" target=""_blank""><strong>.</strong></a></p><p class=""spinmail-quill-editor__spin-break""><br></p><p class=""spinmail-quill-editor__spin-break"">Best,</p><p class=""spinmail-quill-editor__spin-break""><strong>Alex McClelland</strong></p><p class=""spinmail-quill-editor__spin-break"">Handshake AI</p>","ARCHIVE",""
"2-ZjQ5MDk0OGItZDM4Ny00YTMxLWJmMTItYzEyMDUyYjY4NzA0XzEwMA==","Surge COD AT Message 2","LinkedIn Member","","Noah Goo","https://www.linkedin.com/in/noah-goo","2026-07-11 12:50:06 UTC","","Hi %FIRSTNAME%!<br><br>Your profile aligns with qualities of the Coding team we are building at DataAnnotation - we are transforming AI by evaluating code quality. Check out coders' testimonials:<br><br>• ""After applying I was accepted within a week and made over $2k in my first week on the platform. The onboarding assessments gave me a clear understanding of what to expect, so I felt set up for success""<br><br>• ""DataAnnotation is amazing. I can work from the comfort of my home, on my own schedule, and get paid quickly. Project availability is always high and the coding tasks are really engaging and challenge me""<br><br>At DataAnnotation, pick your own hours, work as much or as little as you'd like -- a true side hustle.<br><br>Ready to apply? Link is below.","ARCHIVE",""
"2-YjBhNjQ4MTktYjExNS00MzcyLWE0NzAtMzAwM2YyMjZlNzk5XzEwMA==","Sponsored Conversation","LinkedIn Member","","Noah Goo","https://www.linkedin.com/in/noah-goo","2026-07-04 12:18:53 UTC","","<p class=""spinmail-quill-editor__spin-break"">Hi %FIRSTNAME%! Did you know that <strong>56% of our students get promoted</strong> before they even finish their degree?</p><p class=""spinmail-quill-editor__spin-break""><br></p><p class=""spinmail-quill-editor__spin-break"">The <strong>University of Utah Professional MBA</strong> makes it possible with just <strong>two nights of class per week,</strong> so you never have to slow down to get ahead.</p><p class=""spinmail-quill-editor__spin-break""><br></p><p class=""spinmail-quill-editor__spin-break""><strong>Download our guide</strong> to learn exactly how the Professional MBA differs from other MBA programs, and why it might be a great fit for you!</p>","ARCHIVE",""
"2-OGM5NDdiNWYtOWM1Mi00M2I0LTlmYmYtMmUxNGM5MGZiNWI0XzEwMA==","Sponsored Conversation","LinkedIn Member","","Noah Goo","https://www.linkedin.com/in/noah-goo","2026-07-01 03:23:31 UTC","","<p class=""spinmail-quill-editor__spin-break"">Hi there, %FIRSTNAME%!</p><p class=""spinmail-quill-editor__spin-break""><br></p><p class=""spinmail-quill-editor__spin-break"">Senior leaders and industry professionals may already be viewing your profile. With Premium, you can see who they are and reach out while you’re still top of mind.</p><p class=""spinmail-quill-editor__spin-break""><br></p><p class=""spinmail-quill-editor__spin-break"">Would you like to unlock the list of who viewed your profile with a free 1-month trial of Premium?</p>","ARCHIVE",""
"2-MGUwZjc1OGQtNDNiMy00NmM3LTlkM2QtNzAzMGNiODIyNTU4XzEwMA==","Sponsored Conversation","LinkedIn Member","","Noah Goo","https://www.linkedin.com/in/noah-goo","2026-06-24 13:04:34 UTC","","<p class=""spinmail-quill-editor__spin-break"">%FIRSTNAME%, whether you’re ready to advance your career, pivot industries, or lead innovation in your field, a&nbsp;<strong>graduate business degree from the University of Utah</strong>&nbsp;can help you get there.</p><p class=""spinmail-quill-editor__spin-break""><br></p><p class=""spinmail-quill-editor__spin-break"">Our programs combine technical expertise and business strategy to help professionals like you&nbsp;<strong>lead with confidence in an evolving economy.</strong></p><p class=""spinmail-quill-editor__spin-break""><br></p><p class=""spinmail-quill-editor__spin-break"">Ready to find your best fit?&nbsp;<strong>Take the quiz</strong>&nbsp;to see which program aligns with your goals.</p>","ARCHIVE",""
"2-NjExYzdmZjAtYjhlMi00YjI4LWE5MjgtOThiMzViMGYzYzkyXzEwMA==","Sponsored Conversation","LinkedIn Member","","Noah Goo","https://www.linkedin.com/in/noah-goo","2026-06-17 01:22:46 UTC","","<p class=""spinmail-quill-editor__spin-break"">Hi %FIRSTNAME%,</p><p class=""spinmail-quill-editor__spin-break""><br></p><p class=""spinmail-quill-editor__spin-break"">Based on your background, the University of Miami’s online Master of Science (M.S) in Systems &amp; Engineering Management may be a great next step. Designed for engineers and technical professionals, this program builds systems thinking, data‑driven decision making, and leadership skills.</p><p class=""spinmail-quill-editor__spin-break""><br></p><p class=""spinmail-quill-editor__spin-break"">Develop the skills and capabilities necessary to thrive in modern engineering leadership roles—without pausing your career. In just 20 months, you’ll learn how to manage complex engineering systems, lead technical teams, and drive operational impact through a business and systems lens.</p><p class=""spinmail-quill-editor__spin-break""><br></p><p class=""spinmail-quill-editor__spin-break"">The program is 100% online, requires no GRE or GMAT, and is built for working professionals who want to move into impactful roles that drive innovation and success. Plus, you'll join University of Miami's 200,000+ global alumni network.</p><p class=""spinmail-quill-editor__spin-break""><br></p><p class=""spinmail-quill-editor__spin-break"">You may also be able to use employer education benefits to cover some—or even all—of your tuition, reducing out‑of‑pocket costs.</p><p class=""spinmail-quill-editor__spin-break""><br></p><p class=""spinmail-quill-editor__spin-break"">With rolling admissions and personalized guidance from our enrollment counselors, it’s easy to explore whether this program fits your goals.</p><p class=""spinmail-quill-editor__spin-break""><br></p><p class=""spinmail-quill-editor__spin-break"">Take the next step today and learn more today.</p>","ARCHIVE",""
"2-ZGE4MWI0N2ItNjRhNy00NWRiLTkyNWItMTcxYWE0OTNiMGVlXzEwMA==","Sponsored Conversation","LinkedIn Member","","Noah Goo","https://www.linkedin.com/in/noah-goo","2026-06-10 00:59:19 UTC","","<p class=""spinmail-quill-editor__spin-break"">Hi %FIRSTNAME%, ​</p><p class=""spinmail-quill-editor__spin-break"">​</p><p class=""spinmail-quill-editor__spin-break""><br></p><p class=""spinmail-quill-editor__spin-break"">I am a recruiter at DataAnnotation and I am reaching out because your profile aligns with qualities we are seeking for a consulting opportunity. Are you bored of the same daily tasks in your current job and looking for a fun side hustle?​</p><p class=""spinmail-quill-editor__spin-break"">​</p><p class=""spinmail-quill-editor__spin-break""><br></p><p class=""spinmail-quill-editor__spin-break"">Join DataAnnotation's 100k+ members and help improve how AI writes code - on your own time.​</p><p class=""spinmail-quill-editor__spin-break"">​</p><p class=""spinmail-quill-editor__spin-break""><br></p><p class=""spinmail-quill-editor__spin-break"">💻 Choose your own hours​</p><p class=""spinmail-quill-editor__spin-break"">📍 100% remote​</p><p class=""spinmail-quill-editor__spin-break"">💸 Starting at up to $75 an hour</p><p class=""spinmail-quill-editor__spin-break"">🎯 Real projects, no busywork​</p><p class=""spinmail-quill-editor__spin-break"">​</p><p class=""spinmail-quill-editor__spin-break""><br></p><p class=""spinmail-quill-editor__spin-break"">No AI experience needed. Just solid coding chops and curiosity.​</p><p class=""spinmail-quill-editor__spin-break""><br></p><p class=""spinmail-quill-editor__spin-break"">Apply now if you're in.</p>","ARCHIVE",""
"2-ZWQ5YTYwNzQtNTUxNi00MzE4LTliNjYtOTA3MTBjZTA0YzQ5XzEwMA==","Sponsored Conversation","LinkedIn Member","","Noah Goo","https://www.linkedin.com/in/noah-goo","2026-06-02 08:27:59 UTC","","<p class=""spinmail-quill-editor__spin-break"">Hi %FIRSTNAME%,</p><p class=""spinmail-quill-editor__spin-break""><br></p><p class=""spinmail-quill-editor__spin-break"">Your profile caught our eye, and we think our program could be a good opportunity for you.</p><p class=""spinmail-quill-editor__spin-break""><br></p><p class=""spinmail-quill-editor__spin-break"">Our <strong>Online Master of Science in Applied Analytics</strong> prepares students to apply analytics and artificial intelligence techniques to identify business opportunities and solve strategic problems to enhance business performance.&nbsp;</p><p class=""spinmail-quill-editor__spin-break""><br></p><p class=""spinmail-quill-editor__spin-break"">Through courses in ethical and responsible data usage, AI and machine learning, business strategy formulation, data visualization and storytelling, and more, you will gain a variety of technical and leadership skills to add value in a dynamic workplace.</p>","ARCHIVE",""
"2-ZDk5ZGE4NDYtN2ViNy00ODU2LWI0MjAtMWYxZTgxMDE3MjMxXzEwMA==","Sponsored Conversation","LinkedIn Member","","Noah Goo","https://www.linkedin.com/in/noah-goo","2026-05-22 02:32:50 UTC","","<p class=""spinmail-quill-editor__spin-break"">Hi there, %FIRSTNAME%!</p><p class=""spinmail-quill-editor__spin-break""><br></p><p class=""spinmail-quill-editor__spin-break"">Did you know that LinkedIn Premium has helped <strong>3.2 million members land a job in the past year</strong>? We'd like to offer you another 1-month free trial to LinkedIn Premium to turn your job search into job success.</p><p class=""spinmail-quill-editor__spin-break""><br></p><p class=""spinmail-quill-editor__spin-break"">With Premium, unlock access to features to help stand to hiring managers, network with recruiters, and build skills to advance your career.</p>","ARCHIVE",""
"2-MzFhZDRkNGYtYzE3Ni00MWU4LThlMTQtZGVmNTczNjljNzYzXzEwMA==","Sponsored Conversation","LinkedIn Member","","Noah Goo","https://www.linkedin.com/in/noah-goo","2026-05-15 03:10:58 UTC","","<p class=""spinmail-quill-editor__spin-break"">%FIRSTNAME%, whether you’re ready to advance your career, pivot industries, or lead innovation in your field, a&nbsp;<strong>graduate business degree from the University of Utah</strong>&nbsp;can help you get there.</p><p class=""spinmail-quill-editor__spin-break""><br></p><p class=""spinmail-quill-editor__spin-break"">Our programs combine technical expertise and business strategy to help professionals like you&nbsp;<strong>lead with confidence in an evolving economy.</strong></p><p class=""spinmail-quill-editor__spin-break""><br></p><p class=""spinmail-quill-editor__spin-break"">Ready to find your best fit?&nbsp;<strong>Take the quiz</strong>&nbsp;to see which program aligns with your goals.</p>","ARCHIVE",""
"2-NTBmNDE3ZDUtM2FkMy00MGRlLTlhMjgtYzZkZGQxY2FhMjY4XzEwMA==","Sponsored Conversation","LinkedIn Member","","Noah Goo","https://www.linkedin.com/in/noah-goo","2026-05-13 00:11:20 UTC","","<p class=""spinmail-quill-editor__spin-break"">Hi %FIRSTNAME%,</p><p class=""spinmail-quill-editor__spin-break""><br></p><p class=""spinmail-quill-editor__spin-break"">Based on your background, the University of Miami’s online Master of Science (M.S) in Systems &amp; Engineering Management may be a great next step. Designed for engineers and technical professionals, this program builds systems thinking, data‑driven decision making, and leadership skills.</p><p class=""spinmail-quill-editor__spin-break""><br></p><p class=""spinmail-quill-editor__spin-break"">Develop the skills and capabilities necessary to thrive in modern engineering leadership roles—without pausing your career. In just 20 months, you’ll learn how to manage complex engineering systems, lead technical teams, and drive operational impact through a business and systems lens.</p><p class=""spinmail-quill-editor__spin-break""><br></p><p class=""spinmail-quill-editor__spin-break"">The program is 100% online, requires no GRE or GMAT, and is built for working professionals who want to move into impactful roles that drive innovation and success. Plus, you'll join University of Miami's 200,000+ global alumni network.</p><p class=""spinmail-quill-editor__spin-break""><br></p><p class=""spinmail-quill-editor__spin-break"">You may also be able to use employer education benefits to cover some—or even all—of your tuition, reducing out‑of‑pocket costs.</p><p class=""spinmail-quill-editor__spin-break""><br></p><p class=""spinmail-quill-editor__spin-break"">With rolling admissions and personalized guidance from our enrollment counselors, it’s easy to explore whether this program fits your goals.</p><p class=""spinmail-quill-editor__spin-break""><br></p><p class=""spinmail-quill-editor__spin-break"">Take the next step today and learn more today.</p>","ARCHIVE",""
"2-OTI2N2UwZmMtM2NhNi00ZjZiLTg0NzgtMjdhNGY3NzcwMDBiXzEwMA==","Sponsored Conversation","LinkedIn Member","","Noah Goo","https://www.linkedin.com/in/noah-goo","2026-05-02 17:58:37 UTC","","<p class=""spinmail-quill-editor__spin-break"">Hi %FIRSTNAME%,</p><p class=""spinmail-quill-editor__spin-break""><br></p><p class=""spinmail-quill-editor__spin-break"">Your profile aligns with qualities of the <strong>Bilingual Team</strong> we are hiring at DataAnnotation. We are looking for bilingual <strong>English</strong> + <strong>Chinese</strong> professionals to have conversations with AI to ensure it's accuracy.</p><p class=""spinmail-quill-editor__spin-break""><br></p><p class=""spinmail-quill-editor__spin-break"">As a member of our team, you will:</p><p class=""spinmail-quill-editor__spin-break""><br></p><ol><li><strong>Earn $1K+ USD per week</strong>, with bonuses for high-quality work</li><li>Create your own schedule (<strong>part-time</strong> or full-time)</li><li><strong>Work from home</strong></li></ol><p class=""spinmail-quill-editor__spin-break""><br></p><p class=""spinmail-quill-editor__spin-break"">Your responsibilities will include (both in <strong>Chinese</strong> and <strong>English</strong>):</p><p class=""spinmail-quill-editor__spin-break""><br></p><ol><li>Write high-quality answers for specific prompts</li><li>Research and fact-check AI responses</li></ol><p class=""spinmail-quill-editor__spin-break""><br></p><p class=""spinmail-quill-editor__spin-break"">Ready to apply? We look forward to reviewing your application - please apply at the link below.</p>","ARCHIVE",""
"2-N2JlNWE3ODgtZTUyMS00ZWY3LWE5MjctNjVhNjkzYzhiZjdjXzEwMA==","Sponsored Conversation","LinkedIn Member","","Noah Goo","https://www.linkedin.com/in/noah-goo","2026-04-17 15:37:48 UTC","","<p class=""spinmail-quill-editor__spin-break"">%FIRSTNAME%, if you're looking to a<strong>ccelerate your career, receive a raise, or earn a promotion</strong>, then an MBA is a great way to do so!</p><p class=""spinmail-quill-editor__spin-break""><br></p><p class=""spinmail-quill-editor__spin-break"">The Professional MBA is designed for <strong>working professionals</strong>. With <strong>classes only two nights a week</strong>, one online and one in-person, you'll have <strong>flexibility</strong> paired with the <strong>networking opportunities</strong> you're looking for.</p><p class=""spinmail-quill-editor__spin-break""><br></p><p class=""spinmail-quill-editor__spin-break""><strong>Download our guide</strong> to learn whether a Professional MBA is right for you!</p>","ARCHIVE",""
"2-ZTRjYmQwNmEtOTgwYy00MTIyLWJhNTItY2QxNDU3MWZhMTIwXzEwMA==","Sponsored Conversation","LinkedIn Member","","Noah Goo","https://www.linkedin.com/in/noah-goo","2026-04-12 00:49:08 UTC","","<p class=""spinmail-quill-editor__spin-break"">Hi there, %FIRSTNAME%!</p><p class=""spinmail-quill-editor__spin-break""><br></p><p class=""spinmail-quill-editor__spin-break"">You’re up to 2.7x more likely to get hired with LinkedIn Premium. We’d like to invite you to try another 1-month of Premium to unlock features to help you find your next professional opportunity.</p><p class=""spinmail-quill-editor__spin-break""><br></p><p class=""spinmail-quill-editor__spin-break"">How would you like Premium to help?</p>","ARCHIVE",""
"2-NmQwYTE5ZmMtNjY2OS00NmZkLWEwYmMtNzU3YTYxZThhMWE2XzEwMA==","Sponsored Conversation","LinkedIn Member","","Noah Goo","https://www.linkedin.com/in/noah-goo","2026-04-07 14:13:55 UTC","","<p class=""spinmail-quill-editor__spin-break"">Hi %FIRSTNAME%! Are you ready to earn the salary you deserve? Graduates of Utah's Professional MBA program see an average <strong>34% salary increase</strong> by the time they finish the program. And that's not all—<strong>56% of students are promoted</strong> while they're still earning their degree!</p><p class=""spinmail-quill-editor__spin-break""><br></p><p class=""spinmail-quill-editor__spin-break"">An MBA is a big commitment, which is why the University of Utah has created a program with <strong>classes only two nights a week</strong>. It's designed to enable you to continue working while you learn.</p><p class=""spinmail-quill-editor__spin-break""><br></p><p class=""spinmail-quill-editor__spin-break"">Want more details? <strong>Download our guide</strong> to learn whether a Professional MBA is right for you!</p>","ARCHIVE",""
"2-ODA3MjdjMzEtNjk5My00YjQ4LWI2ZDEtOTlhYTM3NDk3OTk4XzEwMA==","Sponsored Conversation","LinkedIn Member","","Noah Goo","https://www.linkedin.com/in/noah-goo","2026-03-25 18:54:50 UTC","","<p class=""spinmail-quill-editor__spin-break"">%FIRSTNAME%, if you’re looking to…</p><p class=""spinmail-quill-editor__spin-break"">– Sharpen transferrable leadership skills</p><p class=""spinmail-quill-editor__spin-break"">– Drive innovation in your organization</p><p class=""spinmail-quill-editor__spin-break"">– Future-proof your career</p><p class=""spinmail-quill-editor__spin-break""><br></p><p class=""spinmail-quill-editor__spin-break"">…then it’s time to explore a&nbsp;<strong>graduate business degree from the University of Utah</strong>.</p><p class=""spinmail-quill-editor__spin-break""><br></p><p class=""spinmail-quill-editor__spin-break"">Our programs bridge business strategy and technical expertise, preparing you to&nbsp;<strong>take any industry by storm.</strong></p><p class=""spinmail-quill-editor__spin-break""><br></p><p class=""spinmail-quill-editor__spin-break""><strong>﻿</strong>Curious where you fit?&nbsp;<strong>Take the quiz</strong>&nbsp;to discover your best match.</p>","ARCHIVE",""
"2-NDFmYzVjYzUtYzZjMC00ZTFlLWJmNDMtMmFhZThhMjIxNGMyXzEwMA==","Get CompTIA Network+ certification ready in just five days!","Dan Funk","","Noah Goo","https://www.linkedin.com/in/noah-goo","2026-03-11 21:24:24 UTC","","<p class=""spinmail-quill-editor__spin-break"">Hi Noah,&nbsp;&nbsp;</p><p class=""spinmail-quill-editor__spin-break""><br></p><p class=""spinmail-quill-editor__spin-break"">I hope this message finds you well, I noticed your experience in IT and wanted to let you know about an exciting opportunity to uplevel your career. CIAT is offering a five-day, fully online, hands-on CompTIA Network+ certification bootcamp! For a limited time price of only $995, you’ll receive the following:&nbsp;</p><p class=""spinmail-quill-editor__spin-break""><br></p><ul><li>Live Instruction from Certified Expert Instructors&nbsp;</li><li>Exam Vouchers with Unlimited Certification Attempts&nbsp;</li><li>Accelerated Learning Method&nbsp;</li><li>Premium Test Prep Software&nbsp;</li><li>Realistic, Hands-On Labs&nbsp;</li><li>100% Live Virtual Certification Training&nbsp;</li></ul><p class=""spinmail-quill-editor__spin-break"">During the bootcamp, you'll prepare for the CompTIA Network+ certification exam through our authorized CompTIA curriculum and materials, all taught by a professional working in the field! Master networking concepts, implementation, and operations, along with security and troubleshooting.&nbsp;Professionals with this certification can position themselves for in-demand roles such as:&nbsp;</p><p class=""spinmail-quill-editor__spin-break""><br></p><ul><li>Network Engineer&nbsp;</li><li>Network Administrator&nbsp;</li><li>IT Manager&nbsp;</li><li>Penetration Tester&nbsp;</li></ul><p class=""spinmail-quill-editor__spin-break""><br></p><p class=""spinmail-quill-editor__spin-break"">I've seen so many aspiring professionals transform their careers through CIAT programs, and I'd love to share some of their stories with you, if you're open to it. If you're curious about taking this next step, no pressure at all – just click below to learn more.&nbsp;&nbsp;</p><p class=""spinmail-quill-editor__spin-break""><br></p><p class=""spinmail-quill-editor__spin-break"">Talk to you soon!&nbsp;&nbsp;</p><p class=""spinmail-quill-editor__spin-break"">Dan&nbsp;</p>","ARCHIVE",""
"2-NTU0MzUyMTItZmU0MS00NzE3LWJhYzYtMzhhMmVkMDgyNDUxXzEwMA==","Sponsored Conversation","LinkedIn Member","","Noah Goo","https://www.linkedin.com/in/noah-goo","2026-03-02 03:28:12 UTC","","<p class=""spinmail-quill-editor__spin-break"">Hi there, %FIRSTNAME%!</p><p class=""spinmail-quill-editor__spin-break""><br></p><p class=""spinmail-quill-editor__spin-break"">We’ve recently seen an increase in job postings that might be a good fit. Would you like to try Premium for free to accelerate your job search?</p>","ARCHIVE",""
"2-YmQ5MzZmOTQtMWQ2OS00ZDk2LWI4MzMtOTc4OTE0MDdkYjNmXzEwMA==","Sponsored Conversation","LinkedIn Member","","Noah Goo","https://www.linkedin.com/in/noah-goo","2026-02-26 23:42:36 UTC","","<p class=""spinmail-quill-editor__spin-break"">Hi %FIRSTNAME%,</p><p class=""spinmail-quill-editor__spin-break""><br></p><p class=""spinmail-quill-editor__spin-break"">Ready to lead in a data-driven world? Cornell’s part-time, 16-month, mostly online MSBA blends AI, data science, and business for maximum ROI, so you can build in-demand skills and advance your career without putting it on hold.</p><p class=""spinmail-quill-editor__spin-break""><br></p><p class=""spinmail-quill-editor__spin-break"">This STEM-designated program offers the flexibility to work full-time while earning a degree that signals technical expertise, strategic thinking, and leadership potential to top employers across industries.</p>","ARCHIVE",""
"2-ZWZkOTgyMjktNDE3Yy00MmFhLTgyYTktN2VmYTQyNThiMzBhXzEwMA==","Sponsored Conversation","LinkedIn Member","","Noah Goo","https://www.linkedin.com/in/noah-goo","2026-02-13 17:38:30 UTC","","<p class=""spinmail-quill-editor__spin-break"">%FIRSTNAME%, whether you’re ready to advance your career, pivot industries, or lead innovation in your field, a&nbsp;<strong>graduate business degree from the University of Utah</strong>&nbsp;can help you get there.</p><p class=""spinmail-quill-editor__spin-break""><br></p><p class=""spinmail-quill-editor__spin-break"">Our programs combine technical expertise and business strategy to help professionals like you&nbsp;<strong>lead with confidence in an evolving economy.</strong></p><p class=""spinmail-quill-editor__spin-break""><br></p><p class=""spinmail-quill-editor__spin-break"">Ready to find your best fit?&nbsp;<strong>Take the quiz</strong>&nbsp;to see which program aligns with your goals.</p>","ARCHIVE",""
"2-NjM0YTUwMGEtYWUxZC00NTE3LTkyZTMtNWE3MWJjYmI0MjhjXzEwMA==","Sponsored Conversation","LinkedIn Member","","Noah Goo","https://www.linkedin.com/in/noah-goo","2026-01-31 15:19:02 UTC","","<p class=""spinmail-quill-editor__spin-break"">Hi there %FIRSTNAME%!</p><p class=""spinmail-quill-editor__spin-break""><br></p><p class=""spinmail-quill-editor__spin-break"">The University of Arizona Online offers students an exciting experience that sets them up for future success. After viewing your profile, we think you would make a great candidate for a Master of Science in Geographic Information Systems Technology. We are dedicated to offering the highest-quality GIST programs available to prepare you for an ever-evolving workplace. Would you like to learn more about the program?</p>","ARCHIVE",""
"2-MmU2M2ZjNWQtNTg0Ny00ZmY1LTliMWUtNDY1MjUzM2JiNjg0XzEwMA==","Sponsored Conversation","LinkedIn Member","","Noah Goo","https://www.linkedin.com/in/noah-goo","2026-01-20 01:37:11 UTC","","<p class=""spinmail-quill-editor__spin-break"">Hi there, %FIRSTNAME%!</p><p class=""spinmail-quill-editor__spin-break""><br></p><p class=""spinmail-quill-editor__spin-break"">We'd like to offer you a 1-month free trial of LinkedIn Premium to help you stand out, network smarter, and take your career to the next level. <strong>Premium subscribers get 13x more profile views and have 16x more connections</strong> on average. Start your free trial today.</p>","ARCHIVE",""
"2-NjllYjE0YzQtMTE4MC00ZWMwLWEzZjUtMWNhYmU5NzcyNjFjXzEwMA==","Sponsored Conversation","LinkedIn Member","","Noah Goo","https://www.linkedin.com/in/noah-goo","2026-01-16 18:01:29 UTC","","<p class=""spinmail-quill-editor__spin-break"">Hello %FIRSTNAME%,</p><p class=""spinmail-quill-editor__spin-break""><br></p><p class=""spinmail-quill-editor__spin-break"">We’re reaching out on behalf of the admissions team at Grand Canyon University.</p><p class=""spinmail-quill-editor__spin-break""><br></p><p class=""spinmail-quill-editor__spin-break"">We've identified you among numerous prospects as a potential fit for one of our online Cybersecurity master’s programs.</p><p class=""spinmail-quill-editor__spin-break""><br></p><p class=""spinmail-quill-editor__spin-break"">These flexible 100% online degrees are designed for working professionals and focus on advanced technical skills, leadership and communication.</p><p class=""spinmail-quill-editor__spin-break""><br></p><p class=""spinmail-quill-editor__spin-break"">What else would you like to know about Grand Canyon University's Cybersecurity master's program?</p>","ARCHIVE",""
"2-OWUyZWYwNzAtYzZkNS00NzVjLWE5OTgtYzhmOGYwNDc2NzUxXzEwMA==","Sponsored Conversation","LinkedIn Member","","Noah Goo","https://www.linkedin.com/in/noah-goo","2026-01-05 06:00:41 UTC","","<p class=""spinmail-quill-editor__spin-break"">%FIRSTNAME%, if you’re looking to…</p><p class=""spinmail-quill-editor__spin-break"">– Sharpen transferrable leadership skills</p><p class=""spinmail-quill-editor__spin-break"">– Drive innovation in your organization</p><p class=""spinmail-quill-editor__spin-break"">– Future-proof your career</p><p class=""spinmail-quill-editor__spin-break""><br></p><p class=""spinmail-quill-editor__spin-break"">…then it’s time to explore a&nbsp;<strong>graduate business degree from the University of Utah</strong>.</p><p class=""spinmail-quill-editor__spin-break""><br></p><p class=""spinmail-quill-editor__spin-break"">Our programs bridge business strategy and technical expertise, preparing you to&nbsp;<strong>take any industry by storm.</strong></p><p class=""spinmail-quill-editor__spin-break""><br></p><p class=""spinmail-quill-editor__spin-break""><strong>﻿</strong>Curious where you fit?&nbsp;<strong>Take the quiz</strong>&nbsp;to discover your best match.</p>","ARCHIVE",""
"2-YzQzZmVlYmMtODEyMC00OTcxLTgzZmItZmVmYmI1YjM4NmExXzEwMA==","Get CompTIA Network+ certification ready in just five days!","Dan Funk","","Noah Goo","https://www.linkedin.com/in/noah-goo","2025-12-27 05:54:41 UTC","","<p class=""spinmail-quill-editor__spin-break"">Hi Noah,&nbsp;&nbsp;</p><p class=""spinmail-quill-editor__spin-break""><br></p><p class=""spinmail-quill-editor__spin-break"">I hope this message finds you well, I noticed your experience in IT and wanted to let you know about an exciting opportunity to uplevel your career. CIAT is offering a five-day, fully online, hands-on CompTIA Network+ certification bootcamp! For a limited time price of only $995, you’ll receive the following:&nbsp;</p><p class=""spinmail-quill-editor__spin-break""><br></p><ul><li>Live Instruction from Certified Expert Instructors&nbsp;</li><li>Exam Vouchers with Unlimited Certification Attempts&nbsp;</li><li>Accelerated Learning Method&nbsp;</li><li>Premium Test Prep Software&nbsp;</li><li>Realistic, Hands-On Labs&nbsp;</li><li>100% Live Virtual Certification Training&nbsp;</li></ul><p class=""spinmail-quill-editor__spin-break"">During the bootcamp, you'll prepare for the CompTIA Network+ certification exam through our authorized CompTIA curriculum and materials, all taught by a professional working in the field! Master networking concepts, implementation, and operations, along with security and troubleshooting.&nbsp;Professionals with this certification can position themselves for in-demand roles such as:&nbsp;</p><p class=""spinmail-quill-editor__spin-break""><br></p><ul><li>Network Engineer&nbsp;</li><li>Network Administrator&nbsp;</li><li>IT Manager&nbsp;</li><li>Penetration Tester&nbsp;</li></ul><p class=""spinmail-quill-editor__spin-break""><br></p><p class=""spinmail-quill-editor__spin-break"">I've seen so many aspiring professionals transform their careers through CIAT programs, and I'd love to share some of their stories with you, if you're open to it. If you're curious about taking this next step, no pressure at all – just click below to learn more.&nbsp;&nbsp;</p><p class=""spinmail-quill-editor__spin-break""><br></p><p class=""spinmail-quill-editor__spin-break"">Talk to you soon!&nbsp;&nbsp;</p><p class=""spinmail-quill-editor__spin-break"">Dan&nbsp;</p>","ARCHIVE",""
"2-MmZjNjEyMjktY2M3NC00ODY4LWJlMDItZDMwZDI1YzliMjc4XzEwMA==","Sponsored Conversation","LinkedIn Member","","Noah Goo","https://www.linkedin.com/in/noah-goo","2025-12-13 00:01:56 UTC","","<p class=""spinmail-quill-editor__spin-break"">Hi %FIRSTNAME%,</p><p class=""spinmail-quill-editor__spin-break""><br></p><p class=""spinmail-quill-editor__spin-break"">Based on your profile, our Master of Engineering Management (MEM) may be a good fit for you. Our fully online program was built for engineers and technical professionals who want to level-up without leaving their field. In 30 credits, you'll study advanced concepts through a business lens, developing the skills and leadership capabilities necessary to thrive in modern engineering management roles. Upon graduation, you'll be positioned to take on transformative leadership roles that drive innovation and success.</p><p class=""spinmail-quill-editor__spin-break""><br></p><p class=""spinmail-quill-editor__spin-break"">You may be eligible to apply your employer’s education benefits to cover some—or even all—of your tuition. Professionals at companies like yours often leverage this perk to advance their careers with little to no out‑of‑pocket cost.</p><p class=""spinmail-quill-editor__spin-break""><br></p><p class=""spinmail-quill-editor__spin-break"">Here’s what you can expect:</p><p class=""spinmail-quill-editor__spin-break"">· GMAT/GRE not required</p><p class=""spinmail-quill-editor__spin-break"">· 100% online for flexibility</p><p class=""spinmail-quill-editor__spin-break"">· 20 months to complete</p><p class=""spinmail-quill-editor__spin-break"">· Join UMiami's 200,000+ global alumni network</p><p class=""spinmail-quill-editor__spin-break""><br></p><p class=""spinmail-quill-editor__spin-break"">Fall 2025 classes start on 8/18 and the application deadline is 8/14.</p><p class=""spinmail-quill-editor__spin-break""><br></p><p class=""spinmail-quill-editor__spin-break"">Take the next step today!</p>","ARCHIVE",""
"2-NWJhMDUxMzktMzIwMi00MzkxLWE3N2ItZjdlYmM3N2IwODkyXzEwMA==","Sponsored Conversation","LinkedIn Member","","Noah Goo","https://www.linkedin.com/in/noah-goo","2025-12-07 17:56:17 UTC","","<p class=""spinmail-quill-editor__spin-break"">Hi there, $FIRSTNAME!&nbsp;</p><p class=""spinmail-quill-editor__spin-break""><br></p><p class=""spinmail-quill-editor__spin-break"">We’ve recently seen an increase in job postings that might be a good fit. Would you like to try Premium for free to accelerate your job search?</p>","ARCHIVE",""
"2-YzcwN2I4MGItZDJiNi00MzBkLThlMTMtZjVkZDkxY2Q5Yjc5XzEwMA==","Sponsored Conversation","LinkedIn Member","","Noah Goo","https://www.linkedin.com/in/noah-goo","2025-12-04 05:46:01 UTC","","<p class=""spinmail-quill-editor__spin-break"">%FIRSTNAME%, if you’re looking to…</p><p class=""spinmail-quill-editor__spin-break"">– Sharpen transferrable leadership skills</p><p class=""spinmail-quill-editor__spin-break"">– Drive innovation in your organization</p><p class=""spinmail-quill-editor__spin-break"">– Future-proof your career</p><p class=""spinmail-quill-editor__spin-break""><br></p><p class=""spinmail-quill-editor__spin-break"">…then it’s time to explore a&nbsp;<strong>graduate business degree from the University of Utah</strong>.</p><p class=""spinmail-quill-editor__spin-break""><br></p><p class=""spinmail-quill-editor__spin-break"">Our programs bridge business strategy and technical expertise, preparing you to&nbsp;<strong>take any industry by storm.</strong></p><p class=""spinmail-quill-editor__spin-break""><br></p><p class=""spinmail-quill-editor__spin-break""><strong>﻿</strong>Curious where you fit?&nbsp;<strong>Take the quiz</strong>&nbsp;to discover your best match.</p>","ARCHIVE",""
"2-ZGVlNjg1M2ItOGQ0My00YmI3LWIwNzYtMDZkZGQ3YzQ5MWQzXzEwMA==","Sponsored Conversation","LinkedIn Member","","Noah Goo","https://www.linkedin.com/in/noah-goo","2025-11-26 18:03:42 UTC","","<p class=""spinmail-quill-editor__spin-break"">Hello %FIRSTNAME%,</p><p class=""spinmail-quill-editor__spin-break""><br></p><p class=""spinmail-quill-editor__spin-break"">We’re reaching out on behalf of the admissions team at Grand Canyon University.</p><p class=""spinmail-quill-editor__spin-break""><br></p><p class=""spinmail-quill-editor__spin-break"">We are impressed by your background and wanted to connect with you about our online master’s programs in Cybersecurity.</p><p class=""spinmail-quill-editor__spin-break""><br></p><p class=""spinmail-quill-editor__spin-break"">Our Cybersecurity master’s programs:</p><p class=""spinmail-quill-editor__spin-break""><br></p><p class=""spinmail-quill-editor__spin-break"">✅Offer flexible 100% online coursework</p><p class=""spinmail-quill-editor__spin-break""><br></p><p class=""spinmail-quill-editor__spin-break"">✅Have no application fee</p><p class=""spinmail-quill-editor__spin-break""><br></p><p class=""spinmail-quill-editor__spin-break"">✅Focus on both technical skills and leadership development</p><p class=""spinmail-quill-editor__spin-break""><br></p><p class=""spinmail-quill-editor__spin-break"">What else would you like to know about Grand Canyon University's Cybersecurity master’s programs?</p>","ARCHIVE",""
"2-NGVkN2NhMWQtNjdjOC00N2RjLWFiNDktNzZiZmYzNGZmZDA4XzEwMA==","Get CompTIA A+ certification ready in just five days!","Dan Funk","","Noah Goo","https://www.linkedin.com/in/noah-goo","2025-11-16 22:29:08 UTC","","<p class=""spinmail-quill-editor__spin-break"">Hi Noah,&nbsp;&nbsp;</p><p class=""spinmail-quill-editor__spin-break""><br></p><p class=""spinmail-quill-editor__spin-break"">I hope this message finds you well, I noticed your experience in IT and wanted to let you know about an exciting opportunity to uplevel your career. CIAT is offering a five-day, fully online, hands-on CompTIA A+ certification bootcamp! For a limited time price of only $995, you’ll receive the following:&nbsp;</p><p class=""spinmail-quill-editor__spin-break""><br></p><ul><li>Live Instruction from Certified Expert Instructors&nbsp;</li><li>Exam Vouchers with Unlimited Certification Attempts&nbsp;</li><li>Accelerated Learning Method&nbsp;</li><li>Premium Test Prep Software&nbsp;</li><li>Realistic, Hands-On Labs&nbsp;</li><li>100% Live Virtual Certification Training&nbsp;</li></ul><p class=""spinmail-quill-editor__spin-break"">During the bootcamp, you'll prepare for the CompTIA A+ certification exam through our authorized CompTIA curriculum and materials, all taught by a professional working in the field! Master hardware, network, and software troubleshooting, along with virtualization and cloud computing. Professionals with this certification can position themselves for in-demand roles such as:&nbsp;</p><p class=""spinmail-quill-editor__spin-break""><br></p><ul><li>IT Support Specialist&nbsp;</li><li>Help Desk Technician&nbsp;</li><li>Desktop Support Technician&nbsp;</li><li>System Administrator&nbsp;</li></ul><p class=""spinmail-quill-editor__spin-break"">I've seen so many aspiring professionals transform their careers through CIAT programs, and I'd love to share some of their stories with you, if you're open to it. If you're curious about taking this next step, no pressure at all – just click below to learn more.&nbsp;&nbsp;</p><p class=""spinmail-quill-editor__spin-break""><br></p><p class=""spinmail-quill-editor__spin-break"">Talk to you soon!&nbsp;&nbsp;</p><p class=""spinmail-quill-editor__spin-break"">Dan&nbsp;</p>","ARCHIVE",""
"2-YzE0MzUzOTItZGUwNy00ZjQwLWFmNDUtMjkzMjNlYTM2Y2MyXzEwMA==","Sponsored Conversation","LinkedIn Member","","Noah Goo","https://www.linkedin.com/in/noah-goo","2025-11-08 00:27:50 UTC","","<p class=""spinmail-quill-editor__spin-break"">%FIRSTNAME%,</p><p class=""spinmail-quill-editor__spin-break""><br></p><p class=""spinmail-quill-editor__spin-break"">Your background and work experience stood out to us as someone who could be a great match for the Berkeley Haas Full-time MBA program.</p><p class=""spinmail-quill-editor__spin-break""><br></p><p class=""spinmail-quill-editor__spin-break"">Here are a few things that differentiate the Berkeley Haas Full-time program:</p><p class=""spinmail-quill-editor__spin-break""><br></p><p class=""spinmail-quill-editor__spin-break"">• Top-Ranked: #7 MBA program by US News (2024).</p><p class=""spinmail-quill-editor__spin-break"">• Collaborative Culture: The Defining Leadership principles create a supportive environment where students learn from each other's diverse set of perspectives.</p><p class=""spinmail-quill-editor__spin-break"">• Innovative Curriculum: Leadership driven core and a wide variety of real-world experiential learning opportunities.</p><p class=""spinmail-quill-editor__spin-break""><br></p><p class=""spinmail-quill-editor__spin-break"">Are you ready to elevate your leadership skills and transform your career?</p>","ARCHIVE",""
"2-OTY5NGI5YjUtZTNhZS00MmQ2LWFjYTUtZTA0ZTBjMmQzOGRjXzEwMA==","Sponsored Conversation","LinkedIn Member","","Noah Goo","https://www.linkedin.com/in/noah-goo","2025-10-30 15:53:39 UTC","","<p class=""spinmail-quill-editor__spin-break"">Hi %FIRSTNAME%,</p><p class=""spinmail-quill-editor__spin-break""><br></p><p class=""spinmail-quill-editor__spin-break"">It’s never been easier to fit an MBA into your life. Boise State’s Online MBA requires no GMAT or GRE and offers cost-effective courses, a one-year accelerated completion option and a flexible, asynchronous format.</p><p class=""spinmail-quill-editor__spin-break""><br></p><p class=""spinmail-quill-editor__spin-break"">Learn alongside experienced professionals — with an average of eight and a half years of industry expertise — and gain practical insights you can apply directly to your organization.</p><p class=""spinmail-quill-editor__spin-break""><br></p><p class=""spinmail-quill-editor__spin-break"">Request more information today to connect with a student success coach and start your path to leadership today — on your terms!</p><p class=""spinmail-quill-editor__spin-break""><br></p><p class=""spinmail-quill-editor__spin-break"">Best,</p><p class=""spinmail-quill-editor__spin-break"">Student Success Team</p><p class=""spinmail-quill-editor__spin-break"">Boise State University</p>","ARCHIVE",""
"2-ZTQ3NTNiNzItYmY4Yi00MWJkLWI0ODMtZjc2MjFkNGVlMDliXzEwMA==","Sponsored Conversation","LinkedIn Member","","Noah Goo","https://www.linkedin.com/in/noah-goo","2025-10-27 15:28:10 UTC","","<p class=""spinmail-quill-editor__spin-break"">Hi there, %FIRSTNAME%!</p><p class=""spinmail-quill-editor__spin-break""><br></p><p class=""spinmail-quill-editor__spin-break"">We'd like to offer you a 1-month free trial of LinkedIn Premium to help you stand out, network smarter, and take your career to the next level. <strong>Premium subscribers get 13x more profile views and have 16x more connections</strong> on average. Start your free trial today.</p>","ARCHIVE",""
"2-MDEwNDZiZTktZjViMC00OGE1LWIyNTktMjAzMDYwOWM0YjhhXzEwMA==","Sponsored Conversation","LinkedIn Member","","Noah Goo","https://www.linkedin.com/in/noah-goo","2025-10-21 14:11:39 UTC","","<p class=""spinmail-quill-editor__spin-break"">Hello %FIRSTNAME%,</p><p class=""spinmail-quill-editor__spin-break""><br></p><p class=""spinmail-quill-editor__spin-break"">We invite you to apply today to one of our cybersecurity master's degree programs.</p><p class=""spinmail-quill-editor__spin-break""><br></p><p class=""spinmail-quill-editor__spin-break"">Our programs are designed to help you navigate the complexities of cybersecurity and develop a comprehensive understanding of the challenges companies are currently facing.</p><p class=""spinmail-quill-editor__spin-break""><br></p><p class=""spinmail-quill-editor__spin-break"">Are you ready to take the next step?</p>","ARCHIVE",""
"2-NjE3MzBjMjAtMzNiNS00MmEzLThiMDEtYWVjMzNlOGJkZTExXzEwMA==","Get CompTIA A+ certification ready in just five days!","Dan Funk","","Noah Goo","https://www.linkedin.com/in/noah-goo","2025-10-13 02:43:02 UTC","","<p class=""spinmail-quill-editor__spin-break"">Hi Noah,&nbsp;&nbsp;</p><p class=""spinmail-quill-editor__spin-break""><br></p><p class=""spinmail-quill-editor__spin-break"">I hope this message finds you well, I noticed your experience in IT and wanted to let you know about an exciting opportunity to uplevel your career. CIAT is offering a five-day, fully online, hands-on CompTIA A+ certification bootcamp! For a limited time price of only $995, you’ll receive the following:&nbsp;</p><p class=""spinmail-quill-editor__spin-break""><br></p><ul><li>Live Instruction from Certified Expert Instructors&nbsp;</li><li>Exam Vouchers with Unlimited Certification Attempts&nbsp;</li><li>Accelerated Learning Method&nbsp;</li><li>Premium Test Prep Software&nbsp;</li><li>Realistic, Hands-On Labs&nbsp;</li><li>100% Live Virtual Certification Training&nbsp;</li></ul><p class=""spinmail-quill-editor__spin-break"">During the bootcamp, you'll prepare for the CompTIA A+ certification exam through our authorized CompTIA curriculum and materials, all taught by a professional working in the field! Master hardware, network, and software troubleshooting, along with virtualization and cloud computing. Professionals with this certification can position themselves for in-demand roles such as:&nbsp;</p><p class=""spinmail-quill-editor__spin-break""><br></p><ul><li>IT Support Specialist&nbsp;</li><li>Help Desk Technician&nbsp;</li><li>Desktop Support Technician&nbsp;</li><li>System Administrator&nbsp;</li></ul><p class=""spinmail-quill-editor__spin-break"">I've seen so many aspiring professionals transform their careers through CIAT programs, and I'd love to share some of their stories with you, if you're open to it. If you're curious about taking this next step, no pressure at all – just click below to learn more.&nbsp;&nbsp;</p><p class=""spinmail-quill-editor__spin-break""><br></p><p class=""spinmail-quill-editor__spin-break"">Talk to you soon!&nbsp;&nbsp;</p><p class=""spinmail-quill-editor__spin-break"">Dan&nbsp;</p>","ARCHIVE",""
"2-ZmUwZGM1ZDUtNTMzZS00NGQ3LWIyZDgtODc4NzRhODNjZGYxXzEwMA==","Sponsored Conversation","LinkedIn Member","","Noah Goo","https://www.linkedin.com/in/noah-goo","2025-10-03 22:04:13 UTC","","<p class=""spinmail-quill-editor__spin-break"">Hi %FIRSTNAME%,</p><p class=""spinmail-quill-editor__spin-break""><br></p><p class=""spinmail-quill-editor__spin-break"">Love Design? Learn Strategy. With a Media Design MFA, you’ll explore the key concepts behind successful design campaigns including research, client communications, and team dynamics. This accelerated program offers monthly start dates, helping you earn your graduate degree sooner than you think.&nbsp;</p><p class=""spinmail-quill-editor__spin-break""><br></p><p class=""spinmail-quill-editor__spin-break"">Want to learn more about the program?</p>","ARCHIVE",""
"2-YjczZDc4YzYtNTliNS00YTU4LWEzNmQtMDQ1MDUyYTYwODRlXzEwMA==","Sponsored Conversation","LinkedIn Member","","Noah Goo","https://www.linkedin.com/in/noah-goo","2025-09-26 16:53:29 UTC","","<p class=""spinmail-quill-editor__spin-break"">Hi %FIRSTNAME%,</p><p class=""spinmail-quill-editor__spin-break""><br></p><p class=""spinmail-quill-editor__spin-break"">Based on your profile, our Master of Engineering Management (MEM) may be a good fit for you. Our fully online program was built for engineers and technical professionals who want to level-up without leaving their field. In 30 credits, you'll study advanced concepts through a business lens, developing the skills and leadership capabilities necessary to thrive in modern engineering management roles. Upon graduation, you'll be positioned to take on transformative leadership roles that drive innovation and success.</p><p class=""spinmail-quill-editor__spin-break""><br></p><p class=""spinmail-quill-editor__spin-break"">You may be eligible to apply your employer’s education benefits to cover some—or even all—of your tuition. Professionals at companies like yours often leverage this perk to advance their careers with little to no out‑of‑pocket cost.</p><p class=""spinmail-quill-editor__spin-break""><br></p><p class=""spinmail-quill-editor__spin-break"">Here’s what you can expect:</p><p class=""spinmail-quill-editor__spin-break"">· GMAT/GRE not required</p><p class=""spinmail-quill-editor__spin-break"">· 100% online for flexibility</p><p class=""spinmail-quill-editor__spin-break"">· 20 months to complete</p><p class=""spinmail-quill-editor__spin-break"">· Join UMiami's 200,000+ global alumni network</p><p class=""spinmail-quill-editor__spin-break""><br></p><p class=""spinmail-quill-editor__spin-break"">Fall 2025 classes start on 8/18 and the application deadline is 8/14.</p><p class=""spinmail-quill-editor__spin-break""><br></p><p class=""spinmail-quill-editor__spin-break"">Take the next step today!</p>","ARCHIVE",""
"2-YTRjZWQzYTktMDg4ZS00MjE2LWFkMjUtM2Q2OGRiNmU3NjdjXzEwMA==","Sponsored Conversation","LinkedIn Member","","Noah Goo","https://www.linkedin.com/in/noah-goo","2025-09-19 15:56:48 UTC","","<p class=""spinmail-quill-editor__spin-break"">Hi %FIRSTNAME%,</p><p class=""spinmail-quill-editor__spin-break""><br></p><p class=""spinmail-quill-editor__spin-break"">I’m Daniel Wilken, an Admissions Recruiter at Georgetown University’s School of Continuing Studies.</p><p class=""spinmail-quill-editor__spin-break""><br></p><p class=""spinmail-quill-editor__spin-break"">Ready to make a difference in student affairs or administration? Our Master’s in Higher Education Administration is designed to help you lead meaningful change. With flexible online and on-campus options, you can advance your career while preparing for your next leadership role. If you're interested, I invite you to join our webinar on September 23 to learn more.</p>","ARCHIVE",""
"2-OTRiMTNkNDUtMmY1My00OGJiLWFjNjAtZmNlN2NmMzdjZjE1XzEwMA==","Sponsored Conversation","LinkedIn Member","","Noah Goo","https://www.linkedin.com/in/noah-goo","2025-09-16 15:15:52 UTC","","<p class=""spinmail-quill-editor__spin-break"">Hi there, $FIRSTNAME!</p><p class=""spinmail-quill-editor__spin-break""><br></p><p class=""spinmail-quill-editor__spin-break"">We'd like to upgrade you to Premium for 1 month at no charge. How would you like Premium to help?</p>","ARCHIVE",""
"2-ZWNlNmNiYzMtYzVjNy00YTg2LTk2NzItYWI5ZDY2M2NkNmYxXzEwMA==","Sponsored Conversation","LinkedIn Member","","Noah Goo","https://www.linkedin.com/in/noah-goo","2025-09-11 17:47:37 UTC","","<p class=""spinmail-quill-editor__spin-break"">Hello %FIRSTNAME%,</p><p class=""spinmail-quill-editor__spin-break""><br></p><p class=""spinmail-quill-editor__spin-break"">We have identified you as a potential fit for our undergraduate program offerings at Grand Canyon University.</p><p class=""spinmail-quill-editor__spin-break""><br></p><p class=""spinmail-quill-editor__spin-break"">GCU offers a wide range of programs on our beautiful campus located in Phoenix, Arizona. In 2025, our campus ranked among the top 25 for best college campus in America according to Niche.com.*</p><p class=""spinmail-quill-editor__spin-break""><br></p><p class=""spinmail-quill-editor__spin-break"">Our application is offered online with no fee, so you can take the next step today!</p><p class=""spinmail-quill-editor__spin-break""><br></p><p class=""spinmail-quill-editor__spin-break"">What else would you like to know about Grand Canyon University's degree programs?</p>","ARCHIVE",""
"2-ODA5NjZiOTktNDg0ZC00OTVkLTlkMTAtZWNmZjNiZGZmMjBkXzEwMA==","Delve into Gen AI with Snowflake","Dash DesAI","","Noah Goo","https://www.linkedin.com/in/noah-goo","2025-09-03 12:52:06 UTC","","<p class=""spinmail-quill-editor__spin-break"">Hi Noah,</p><p class=""spinmail-quill-editor__spin-break""><br></p><p class=""spinmail-quill-editor__spin-break"">Looking to skill up on gen AI with practical, hands-on skills? Check out our<a rel=""noopener"" href=""http://coursera.org/learn/intro-generative-ai-course-snowflake/?utm_medium=institutions&utm_source=snowflake&utm_campaign=li-inmail-incr-ac-northstartraining2024ai-students&li_fat_id=81e78a7b-bdf9-4335-a9dc-57b964068d1d"" target=""_blank""> </a><a rel=""noopener"" href=""http://coursera.org/learn/intro-generative-ai-course-snowflake/?utm_medium=institutions&utm_source=snowflake&utm_campaign=na-us-li-inmail-incr-ac-northstartraining2025ai-students&li_fat_id=81e78a7b-bdf9-4335-a9dc-57b964068d1d"" target=""_blank"">Introduction to Generative AI with Snowflake</a> course on Coursera.</p><p class=""spinmail-quill-editor__spin-break""><br></p><p class=""spinmail-quill-editor__spin-break"">You’ll start by setting up your environment and building a simple application. Then, you’ll learn how to accomplish many common AI tasks, and finally you’ll fine-tune foundation models with your own data to perform specific tasks.</p><p class=""spinmail-quill-editor__spin-break""><br></p><p class=""spinmail-quill-editor__spin-break"">This free* course shows you how to:</p><p class=""spinmail-quill-editor__spin-break""><br></p><ul><li>Build applications to implement common AI tasks including translation, summarization, sentiment analysis and text classification&nbsp;</li><li>Select a foundation model, including how to decide between the smaller or larger model sizes within a model family</li><li>Perform prompt engineering and inference programmatically with foundation model families including Llama, Mistral and Anthropic</li><li>Fine-tune a model to distill the capability of a larger model into a smaller one, or to train it with our own data to respond in desired style</li></ul><p class=""spinmail-quill-editor__spin-break""><br></p><p class=""spinmail-quill-editor__spin-break""><a rel=""noopener"" href=""http://coursera.org/learn/intro-generative-ai-course-snowflake/?utm_medium=institutions&utm_source=snowflake&utm_campaign=na-us-li-inmail-incr-ac-northstartraining2025ai-students&li_fat_id=81e78a7b-bdf9-4335-a9dc-57b964068d1d"" target=""_blank""><strong>Sign up today,</strong></a><strong> </strong>and welcome to Snowflake. I can’t wait to see what you build!</p><p class=""spinmail-quill-editor__spin-break""><br></p><p class=""spinmail-quill-editor__spin-break"">Sincerely,&nbsp;</p><p class=""spinmail-quill-editor__spin-break"">Dash Desai&nbsp;</p><p class=""spinmail-quill-editor__spin-break"">Lead Developer Advocate&nbsp;</p><p class=""spinmail-quill-editor__spin-break"">Snowflake</p>","ARCHIVE",""
"2-MzkwNWEzMGQtYjE5My00OGJmLTg0NDMtOTYwZjVmNTNmMTAyXzEwMA==","Sponsored Conversation","LinkedIn Member","","Noah Goo","https://www.linkedin.com/in/noah-goo","2025-08-26 21:58:21 UTC","","<p class=""spinmail-quill-editor__spin-break"">Hello %FIRSTNAME%!</p><p class=""spinmail-quill-editor__spin-break""><br></p><p class=""spinmail-quill-editor__spin-break"">Are you looking to advance your career in %INDUSTRY%? A respected B.S. in UXD from WGU could help you increase your earning potential!</p><p class=""spinmail-quill-editor__spin-break""><br></p><p class=""spinmail-quill-editor__spin-break"">On average, WGU grads report an income increase of $22,200 within two years of graduation, according to a 2023 Harris Poll*</p><p class=""spinmail-quill-editor__spin-break""><br></p><p class=""spinmail-quill-editor__spin-break"">Apply today to advance your career!</p>","ARCHIVE",""
"2-MTkwOWU4ZjMtOTA1Yi00ZTIxLTk4MGMtYjI4NzVjZjAzNTI1XzEwMA==","Sponsored Conversation","LinkedIn Member","","Noah Goo","https://www.linkedin.com/in/noah-goo","2025-08-12 00:01:52 UTC","","<p class=""spinmail-quill-editor__spin-break"">Hi %FIRSTNAME%,</p><p class=""spinmail-quill-editor__spin-break""><br></p><p class=""spinmail-quill-editor__spin-break"">Keeping this small. A few of us are hosting a private happy hour in Vegas for people who <em>run</em> salesforce (admins, devs, architects, release teams). Artisan cocktails, low light, good conversations. No slide decks.</p><p class=""spinmail-quill-editor__spin-break""><br></p><p class=""spinmail-quill-editor__spin-break"">RSVP for the location drop.</p><p class=""spinmail-quill-editor__spin-break"">- Greg</p><p class=""spinmail-quill-editor__spin-break""><br></p><p class=""spinmail-quill-editor__spin-break"">Keep our team in the loop - send any questions to <a href=""http://mailto:missioncontrol@bluecanvas.io"" rel=""noopener nofollow"" target=""_blank"" class=""ql-link"">missioncontrol@bluecanvas.io</a></p>","ARCHIVE",""
"2-Mjg0ZTA2MjMtZjM2YS00NmFiLTk2ZjYtOGY4ODYxYjU2OGZkXzEwMA==","Sponsored Conversation","LinkedIn Member","","Noah Goo","https://www.linkedin.com/in/noah-goo","2025-07-25 00:04:17 UTC","","<p class=""spinmail-quill-editor__spin-break"">👋 Hi %FIRSTNAME%, how’s everything going? My name is Myles and I'm a part of LinkedIn’s Networking team. My job is to help students like you grow your circle, stay connected, and build your future. Our free networking tools have helped tons of students build a strong network that opens doors. I’d love to hear what you're hoping to accomplish next so I can point you in the right direction.</p>","ARCHIVE",""
"2-OTIwOTFkMjctZWI4YS00MWIwLThhNDgtOWE2OGI2ZTExZjBlXzEwMA==","Sponsored Conversation","LinkedIn Member","","Noah Goo","https://www.linkedin.com/in/noah-goo","2025-07-21 22:15:11 UTC","","<p class=""spinmail-quill-editor__spin-break"">Hello %FIRSTNAME%!</p><p class=""spinmail-quill-editor__spin-break""><br></p><p class=""spinmail-quill-editor__spin-break"">Are you looking to advance your career in %INDUSTRY%? An affordable UXD degree from WGU offers hands-on learning in areas like wireframing, prototyping, and other key skills.</p><p class=""spinmail-quill-editor__spin-break""><br></p><p class=""spinmail-quill-editor__spin-break"">Start your UXD degree at WGU! Tuition at <strong>$7,510 per year</strong></p>","ARCHIVE",""
"2-NWJkYmNiMDUtYjgzZS00Zjk5LWJhM2YtNzBiMTM3OWExNzk5XzEwMA==","Sponsored Conversation","LinkedIn Member","","Noah Goo","https://www.linkedin.com/in/noah-goo","2025-07-12 19:09:14 UTC","","<p class=""spinmail-quill-editor__spin-break"">Hi %FIRSTNAME%,</p><p class=""spinmail-quill-editor__spin-break""><br></p><p class=""spinmail-quill-editor__spin-break"">I’m Daniel Wilken, an Admissions Recruiter at Georgetown University’s School of Continuing Studies.</p><p class=""spinmail-quill-editor__spin-break""><br></p><p class=""spinmail-quill-editor__spin-break"">If you’re looking to start or advance your career in higher education administration, consider our Master’s in Higher Education Administration. You'll develop a 360-degree perspective of the U.S. higher ed. landscape and the expertise needed to effect change. We’re hosting a virtual alumni panel on July 23 where you'll meet graduates of the program. Will you join us?</p>","ARCHIVE",""
"2-MjljYTY2ZDQtYzA3MC00ZWEwLWE2ZjYtMzgwYjhkOTQwNzM4XzEwMA==","There’s a better job waiting for you.","Colorado State University Global","","Noah Goo","https://www.linkedin.com/in/noah-goo","2025-07-05 00:18:37 UTC","","<p class=""spinmail-quill-editor__spin-break"">Psst. We’ll let you in on a little secret—even if you love your current job, there might be a better one waiting for you.</p><p class=""spinmail-quill-editor__spin-break""><br></p><p class=""spinmail-quill-editor__spin-break"">CSU Global graduates see an average <strong>$40,000 annual salary increase</strong> while fitting their classes around work and other life commitments. That’s an <strong>80% boost</strong> for those earning a bachelor’s degree.</p><p class=""spinmail-quill-editor__spin-break""><br></p><p class=""spinmail-quill-editor__spin-break"">They chose CSU Global because:&nbsp;</p><ol><li>Our <strong>clear return on investment </strong>made it an easy decision to move forward.</li><li>We're <strong>transfer-credit-friendly</strong> and allow students to build on their prior coursework, making it easier to finish what they've started.</li><li>We <strong>fast-track our programs </strong>(ranked #2 for Fastest Online Degree Programs in 2023 by <em>Best Accredited Colleges) </em>so students can fast-track their way to a better job.</li><li>As part of the <strong>Colorado University System</strong>, we offer a career-relevant education from experts in today's top fields.&nbsp;</li><li><strong>We’re affordable.</strong> There are no fees, no fancy campus amenities to pay for, and no out-of-state tuition—everyone pays the same reasonable rate.</li></ol><p class=""spinmail-quill-editor__spin-break""><br></p><p class=""spinmail-quill-editor__spin-break"">Let us help you turn your aspirations into outcomes with our fully flexible bachelor’s, master’s, and certificate programs designed around you. Our next 8-week, 100% online term starts soon.&nbsp;</p><p class=""spinmail-quill-editor__spin-break""><br></p><p class=""spinmail-quill-editor__spin-break""><br></p><p class=""spinmail-quill-editor__spin-break"">P.S. Here’s the ROI on a few of our popular programs:</p><ul><li><a rel=""noopener"" href=""https://csuglobal.edu/academic-programs/undergraduate-degrees/bachelors-degree-business-management?utm_campaign=LinkedIn_Further_CSUGlobal_Awareness_PRO_Leads&li_fat_id=935e55a6-a734-4c0b-bbf0-deaf5bdaf874&utm_medium=cpc&utm_source=linkedin&ad_id=482531396&utm_term=li_gen_gen_acq-message_ftr"" target=""_blank"">Business Management BS</a><strong>:</strong> Graduates double their salary, adding $50,000 annually.</li><li><a rel=""noopener"" href=""https://csuglobal.edu/academic-programs/undergraduate-degrees/bachelors-degree-accounting?utm_campaign=LinkedIn_Further_CSUGlobal_Awareness_PRO_Leads&li_fat_id=935e55a6-a734-4c0b-bbf0-deaf5bdaf874&utm_medium=cpc&utm_source=linkedin&ad_id=482531396&utm_term=li_gen_gen_acq-message_ftr"" target=""_blank"">Accounting BS</a><strong>:</strong> Graduates see a 71% salary increase, adding $35,000 annually.</li><li><a rel=""noopener"" href=""https://csuglobal.edu/academic-programs/undergraduate-degrees/bachelors-degree-computer-science?utm_campaign=LinkedIn_Further_CSUGlobal_Awareness_PRO_Leads&li_fat_id=935e55a6-a734-4c0b-bbf0-deaf5bdaf874&utm_medium=cpc&utm_source=linkedin&ad_id=482531396&utm_term=li_gen_gen_acq-message_ftr"" target=""_blank"">Computer Science BS</a><strong>:</strong> Graduates more than double their salary, adding $43,000 annually.</li></ul>","ARCHIVE",""
"2-MDUzY2NlYmYtNDZmOS00NWM4LThjYzEtNWMyZGRmNzI0NGU3XzEwMA==","Sponsored Conversation","LinkedIn Member","","Noah Goo","https://www.linkedin.com/in/noah-goo","2025-05-31 01:56:46 UTC","","<p class=""spinmail-quill-editor__spin-break"">Hi %FIRSTNAME%,</p><p class=""spinmail-quill-editor__spin-break""><br></p><p class=""spinmail-quill-editor__spin-break"">I’m Daniel Wilken, an admissions recruiter at Georgetown University’s School of Continuing Studies.</p><p class=""spinmail-quill-editor__spin-break""><br></p><p class=""spinmail-quill-editor__spin-break"">Shape the future of higher education by empowering today’s minds to solve the challenges of tomorrow. The unique ethics-based curriculum in our Master’s in Higher Education Administration program prepares you to add value to your institution and advance social justice. We’re hosting a webinar on Thursday, June 5, at noon ET. Will you join us?</p>","ARCHIVE",""
"2-ODJiZjRjOTUtY2U0My00OWFkLWEyODgtNTE1ZDFkNmQyZjE0XzEwMA==","Sponsored Conversation","LinkedIn Member","","Noah Goo","https://www.linkedin.com/in/noah-goo","2025-05-12 21:38:06 UTC","","<p class=""spinmail-quill-editor__spin-break"">Hello %FIRSTNAME%!</p><p class=""spinmail-quill-editor__spin-break""><br></p><p class=""spinmail-quill-editor__spin-break"">Are you looking to advance your career in %INDUSTRY%, but don't want to go to school full-time? WGU has you covered!</p><p class=""spinmail-quill-editor__spin-break""><br></p><p class=""spinmail-quill-editor__spin-break"">WGU's B.S. in UXD is 100% online and flexible, which means you can study, take tests, and graduate--all on your schedule. Apply today to get started.</p>","ARCHIVE",""
"2-NDIzZDM4YTMtNTk4NC00YmEwLWE4M2QtZDZjNDkyMDgzOWFiXzEwMA==","Sponsored Conversation","LinkedIn Member","","Noah Goo","https://www.linkedin.com/in/noah-goo","2025-04-11 04:38:11 UTC","","<p class=""spinmail-quill-editor__spin-break"">Hello %FIRSTNAME%!</p><p class=""spinmail-quill-editor__spin-break""><br></p><p class=""spinmail-quill-editor__spin-break"">Are you looking to advance your career in %INDUSTRY%, but don't want to go to school full-time? WGU has you covered!</p><p class=""spinmail-quill-editor__spin-break""><br></p><p class=""spinmail-quill-editor__spin-break"">WGU's B.S. in UXD is 100% online and flexible, which means you can study, take tests, and graduate--all on your schedule. Apply today to get started.</p>","ARCHIVE",""
"2-ZTg3ZDhmMzEtYjQzMy00NGM4LWE1ZWEtMmY5MWIwOTZiNjEwXzEwMA==","Virtual Writing Consultant Opportunity","Jean Philippe Ausina Ruiz","","Noah Goo","https://www.linkedin.com/in/noah-goo","2025-04-03 23:49:55 UTC","","<p class=""spinmail-quill-editor__spin-break"">Dear Noah,</p><p class=""spinmail-quill-editor__spin-break""><br></p><p class=""spinmail-quill-editor__spin-break"">I am a recruiter at Outlier, a leading platform specializing in the training of AI models. We are currently involved in several high-profile projects aimed at developing multilingual AI systems, which include writing, ranking, and evaluating AI chatbot prompts.</p><p class=""spinmail-quill-editor__spin-break""><br></p><p class=""spinmail-quill-editor__spin-break"">Upon reviewing your LinkedIn profile, we found that your qualifications align perfectly with our current needs. We are actively seeking individuals who are proficient in English and fluent in <strong>Language</strong> writing, which matches your expertise.</p><p class=""spinmail-quill-editor__spin-break""><br></p><p class=""spinmail-quill-editor__spin-break"">The benefits of joining our 200,000+ community include:</p><p class=""spinmail-quill-editor__spin-break""><br></p><p class=""spinmail-quill-editor__spin-break"">100% remote work</p><p class=""spinmail-quill-editor__spin-break"">An average compensation of <strong>$20</strong> USD per hour</p><p class=""spinmail-quill-editor__spin-break"">Flexible working hours, with the freedom to choose when and where you work</p><p class=""spinmail-quill-editor__spin-break"">The opportunity to make a significant impact on AI development, contributing to safer AI for all.</p><p class=""spinmail-quill-editor__spin-break""><br></p><p class=""spinmail-quill-editor__spin-break"">We would be pleased to discuss this opportunity further with you.</p><p class=""spinmail-quill-editor__spin-break""><br></p><p class=""spinmail-quill-editor__spin-break"">Sincerely,</p><p class=""spinmail-quill-editor__spin-break"">The Outlier Team</p><p class=""spinmail-quill-editor__spin-break""><br></p><p class=""spinmail-quill-editor__spin-break""><br></p><p class=""spinmail-quill-editor__spin-break""><br></p><p class=""spinmail-quill-editor__spin-break""><br></p><p class=""spinmail-quill-editor__spin-break""><br></p>","ARCHIVE",""
"2-N2ZjMmQ4OWEtN2I5OS00YTIwLWE4YzYtYzA1YmEwYjI4ZGIyXzEwMA==","Sponsored Conversation","LinkedIn Member","","Noah Goo","https://www.linkedin.com/in/noah-goo","2025-03-18 19:14:26 UTC","","<p class=""spinmail-quill-editor__spin-break"">Hi there, %FIRSTNAME%!</p><p class=""spinmail-quill-editor__spin-break""><br></p><p class=""spinmail-quill-editor__spin-break"">Thanks for being a valued member of the LinkedIn community - we would like to upgrade you to LinkedIn Premium and offer you a 1 month free trial.</p>","ARCHIVE",""
"2-NzVhNWJhNjUtOTFiMy00MzQ0LTk3ZjUtMzhlY2FmMDA4NDE5XzEwMA==","Confluence is your connected marketing workspace","Atlassian","","Noah Goo","https://www.linkedin.com/in/noah-goo","2025-03-14 01:57:15 UTC","","<p class=""spinmail-quill-editor__spin-break"">Noah,</p><p class=""spinmail-quill-editor__spin-break""><br></p><p class=""spinmail-quill-editor__spin-break"">If a resource isn’t easily discoverable - does it even exist? When knowledge isn’t accessible or organized, teams feel disconnected and frustrated by complexity.</p><p class=""spinmail-quill-editor__spin-break""><br></p><p class=""spinmail-quill-editor__spin-break"">Confluence is the connected workspace that helps marketing teams collaborate, connect the dots, and turn knowledge into successful campaigns. Create, share, and discover knowledge - all in one place.</p><p class=""spinmail-quill-editor__spin-break""><br></p><p class=""spinmail-quill-editor__spin-break"">Whether you're brainstorming new campaign ideas with AI or collaborating with flexible pages and whiteboards, Confluence sets knowledge free.</p><p class=""spinmail-quill-editor__spin-break""><br></p><p class=""spinmail-quill-editor__spin-break"">Confluence is the leading collaborative knowledge management tool used by over 100,000 customers. 96% of organizations said Confluence smashed down information silos.</p><p class=""spinmail-quill-editor__spin-break""><br></p><p class=""spinmail-quill-editor__spin-break"">Confluence is the connected workspace where marketing teams can do it all.</p><p class=""spinmail-quill-editor__spin-break""><br></p><p class=""spinmail-quill-editor__spin-break"">Set knowledge free with Confluence.</p>","ARCHIVE",""
"2-ZGI0Njk1ZWQtMTMyNC00NjlmLWE1YjItMDk1ZDg1OTgxNWRlXzEwMA==","Coding Skills = $30/hr Extra Income | Weekly Payments","Jean Philippe Ausina Ruiz","","Noah Goo","https://www.linkedin.com/in/noah-goo","2025-03-01 01:39:42 UTC","","<p class=""spinmail-quill-editor__spin-break"">Hi Noah! 👋</p><p class=""spinmail-quill-editor__spin-break""><br></p><p class=""spinmail-quill-editor__spin-break"">Quick question: Would you be interested in monetizing your coding expertise by training AI? 💡</p><p class=""spinmail-quill-editor__spin-break""><br></p><p class=""spinmail-quill-editor__spin-break"">We are looking for talented coders that speak Traditional Chinese to join our team!</p><p class=""spinmail-quill-editor__spin-break""><br></p><p class=""spinmail-quill-editor__spin-break"">🎯 Outlier's top contributors earn $1,200+ weekly training AI models, working flexible hours. Over 15,000 developers already joined our platform, with weekly guaranteed payments! 🌟</p><p class=""spinmail-quill-editor__spin-break""><br></p><p class=""spinmail-quill-editor__spin-break"">⚡ 2-minute application, start training AI this week.</p>","ARCHIVE",""
"2-MzQ0NWZlNjItMzhhNS00M2M0LThjOTEtNDdkYWU5ZmYxZTA2XzAxMA==","The next era of Jira is for marketers","Atlassian","","Noah Goo","https://www.linkedin.com/in/noah-goo","2025-02-11 02:25:52 UTC","","<p class=""spinmail-quill-editor__spin-break"">Hi Noah,</p><p class=""spinmail-quill-editor__spin-break""><br></p><p class=""spinmail-quill-editor__spin-break"">Did you know that Jira isn’t just for software teams? It helps all types of teams do their best work together. But Jira also has special workflows just for marketers. Would you like to take a look?</p><p class=""spinmail-quill-editor__spin-break""><br></p><p class=""spinmail-quill-editor__spin-break"">Jira has lots of new features that help marketers get closer to product teams AND do their own work more efficiently. With Jira, marketers can:</p><p class=""spinmail-quill-editor__spin-break""><br></p><p class=""spinmail-quill-editor__spin-break"">🚀 Plan amazing campaigns</p><p class=""spinmail-quill-editor__spin-break"">🤝Collaborate and track work across teams</p><p class=""spinmail-quill-editor__spin-break"">📈 Report on progress and stay ahead of goals</p><p class=""spinmail-quill-editor__spin-break""><br></p><p class=""spinmail-quill-editor__spin-break"">Jira is more flexible, customizable, and powerful than ever. See for yourself, get started with Jira today.</p>","ARCHIVE",""
"2-NzkzOWRiZDMtMGJlNi00ZWNjLWFjYzMtODFhNmZmNGM5NGQ4XzAxMA==","Sponsored Conversation","LinkedIn Member","","Noah Goo","https://www.linkedin.com/in/noah-goo","2025-01-26 17:47:16 UTC","","<p class=""spinmail-quill-editor__spin-break"">Hello %FIRSTNAME%!</p><p class=""spinmail-quill-editor__spin-break""><br></p><p class=""spinmail-quill-editor__spin-break"">Are you looking to advance your career in %INDUSTRY%? A respected B.S. in UXD from WGU could help you increase your earning potential!</p><p class=""spinmail-quill-editor__spin-break""><br></p><p class=""spinmail-quill-editor__spin-break"">On average, WGU grads report an income increase of $22,200 within two years of graduation, according to a 2023 Harris Poll*</p><p class=""spinmail-quill-editor__spin-break""><br></p><p class=""spinmail-quill-editor__spin-break"">Apply today to advance your career!</p>","ARCHIVE",""
"2-YTgwYjUzZDYtY2U4Mi00Y2RkLWIyNGItNGVmZmY1ZjBhMzBhXzAxMA==","Sponsored Conversation","LinkedIn Member","","Noah Goo","https://www.linkedin.com/in/noah-goo","2025-01-21 16:18:39 UTC","","<p class=""spinmail-quill-editor__spin-break"">Hi there, %FIRSTNAME%!</p><p class=""spinmail-quill-editor__spin-break""><br></p><p class=""spinmail-quill-editor__spin-break"">We’d like to offer you 1-month free of Premium Business to grow your network and stand out.</p>","ARCHIVE",""
"2-NjcwZjM1NzEtNTI3Yi00NTgzLThmNmEtNTdhZTdmNjZkZjY4XzAxMA==","Sponsored Conversation","LinkedIn Member","","Noah Goo","https://www.linkedin.com/in/noah-goo","2025-01-13 03:01:33 UTC","","<p class=""spinmail-quill-editor__spin-break"">Hi %FIRSTNAME% - do you want to make 2025 your best year ever as a Dad? My company WonderDads helps busy Dads be intentional about embracing each and every year of childhood, especially since 93% of Dad-Kids bonding happens by age 16.</p><p class=""spinmail-quill-editor__spin-break""><br></p><p class=""spinmail-quill-editor__spin-break"">We’ve helped over 100k busy Dads by designing for them a personalized roadmap based on the ages of your kids, their interests, and what matters most to you as a Dad.</p><p class=""spinmail-quill-editor__spin-break""><br></p><p class=""spinmail-quill-editor__spin-break"">Would you like us to send you a sample of a personalized Dad roadmap for you to see?</p>","ARCHIVE",""
"2-NzVmNmZmMWItYzUxMS00NTJmLTgxYTMtMTc4OTJjOTIzNzY5XzAxMA==","Marketing benchmarking for Asset Services Marketeers","Angus Maclaine","","Noah Goo","https://www.linkedin.com/in/noah-goo","2024-12-31 00:00:56 UTC","","<p class=""spinmail-quill-editor__spin-break"">Dear Noah</p><p class=""spinmail-quill-editor__spin-break""><br></p><p class=""spinmail-quill-editor__spin-break"">How do you attribute your marketing spend to performance in asset servicing?</p><p class=""spinmail-quill-editor__spin-break""><br></p><p class=""spinmail-quill-editor__spin-break"">How valuable would real time benchmarking of your marketing performance, against other asset services providers be for measuring your marketing effectiveness?</p><p class=""spinmail-quill-editor__spin-break""><br></p><p class=""spinmail-quill-editor__spin-break"">Originally developed for the investment management sector, Alphix is now used by asset managers managing over $35 trillion in assets under management (AUM). It is the only platform specifically designed for this sector.</p><p class=""spinmail-quill-editor__spin-break""><br></p><p class=""spinmail-quill-editor__spin-break"">The platform will be launching into the asset servicing sector in the new year and we are inviting practitioners to work with us on the roll out. </p><p class=""spinmail-quill-editor__spin-break""><br></p><p class=""spinmail-quill-editor__spin-break"">For more information, please feel free to contact me directly.</p><p class=""spinmail-quill-editor__spin-break""><br></p><p class=""spinmail-quill-editor__spin-break"">Best regards,</p><p class=""spinmail-quill-editor__spin-break"">Angus</p>","ARCHIVE",""
"2-ZTFmMzk5ZjgtYzRjOC00NzZhLWJlMTQtZmZjYjgwNTJiZDFkXzAxMA==","Ready for the roadmap to staffing success?","Ryan Lamping","","Noah Goo","https://www.linkedin.com/in/noah-goo","2024-12-16 15:58:44 UTC","","<p class=""spinmail-quill-editor__spin-break"">Noah,</p><p class=""spinmail-quill-editor__spin-break""><br></p><p class=""spinmail-quill-editor__spin-break"">You and your students deserve a thriving school environment without the stress of staffing shortages.</p><p class=""spinmail-quill-editor__spin-break""><br></p><p class=""spinmail-quill-editor__spin-break"">Amergis’s new, free to download white paper provides the tools to help build an effective staffing strategy that not only saves you time and money, but also helps attract and retain top-tier professionals- reducing turnover and creating stability.</p>","ARCHIVE",""
"2-MTlhNjgzNTgtMzZkZC00OGEyLWI1YjEtOWFmOGRjZjI3MmQwXzAxMA==","Sponsored Conversation","LinkedIn Member","","Noah Goo","https://www.linkedin.com/in/noah-goo","2024-12-08 17:27:40 UTC","","<p class=""spinmail-quill-editor__spin-break"">Hi there, %FIRSTNAME%!</p><p class=""spinmail-quill-editor__spin-break""><br></p><p class=""spinmail-quill-editor__spin-break"">We’ve recently seen an increase in job postings that might be a good fit. Would you like to try Premium for free to accelerate your job search?</p>","ARCHIVE",""
"2-NTk1NTYzMGUtOTU5OC00MWU4LWEzZGItZDlhOTViNjJmYzAzXzAxMA==","Remote Heart Health for VA Patients","David Albert","","Noah Goo","https://www.linkedin.com/in/noah-goo","2024-12-02 00:09:26 UTC","","<p class=""spinmail-quill-editor__spin-break"">Hi Noah,</p><p class=""spinmail-quill-editor__spin-break""><br></p><p class=""spinmail-quill-editor__spin-break"">Each year, thousands of US veterans use AliveCor’s FDA-cleared Kardia personal ECGs to monitor their heart health. For the millions of veterans living in rural areas, and especially those diagnosed with an arrhythmia each year, Kardia ECGs provide peace of mind and reduce the burden of inconvenient office visits. Now for the first time, you can prescribe these clinically-validated personal ECGs as a fully covered benefit via government-compliant procurement channels.</p><p class=""spinmail-quill-editor__spin-break""><br></p><p class=""spinmail-quill-editor__spin-break"">KardiaMobile 6L and KardiaMobile Card can detect six of the most common arrhythmias—including AFib—making it easy for your patients to take an ECG the moment they feel a symptom. And your patients can send you their ECG instantly, making it easy for you to stay connected to your patients remotely. Additionally these devices are fully activated with <strong>two years</strong> of AliveCor’s KardiaCare service which includes detailed reporting features, in-depth insights, secure data sharing, and more.</p><p class=""spinmail-quill-editor__spin-break""><br></p><p class=""spinmail-quill-editor__spin-break"">Learn more about prescribing Kardia personal ECGs through prosthetics to your Veteran patients.&nbsp;</p><p class=""spinmail-quill-editor__spin-break""><br></p><p class=""spinmail-quill-editor__spin-break"">David E. Albert, MD</p><p class=""spinmail-quill-editor__spin-break"">Founder, Chief Medical Officer</p>","ARCHIVE",""
"2-NDQ0ZDExZjUtMTA0YS00MjJlLWFlYzUtNGYwMGJkYTgzOTgzXzAxMA==","Ready for Medical Guide Wire Solutions & Hands-On Training?","Deven Holter","","Noah Goo","https://www.linkedin.com/in/noah-goo","2024-11-18 19:35:01 UTC","","<p class=""spinmail-quill-editor__spin-break"">Message: Hi Noah this is Dennis from Asahi Intecc US. You're likely familiar with our Medical guidewires and microcatheters. I'd love to connect you with a local rep to explore our Peripheral and Cardiovascular solutions like Crosslead and SION blue, for your complex cases.</p><p class=""spinmail-quill-editor__spin-break""><br></p><p class=""spinmail-quill-editor__spin-break"">We also offer free hands-on wire training and continued education, including our Build-a-Wire session, where you can create, name, and take home a custom wire!</p><p class=""spinmail-quill-editor__spin-break""><br></p><p class=""spinmail-quill-editor__spin-break"">DM or fill out our contact form, and our local Asahi agent will reach out ASAP!</p><p class=""spinmail-quill-editor__spin-break""><br></p><p class=""spinmail-quill-editor__spin-break"">Take care,</p><p class=""spinmail-quill-editor__spin-break"">Dennis Hogan</p><p class=""spinmail-quill-editor__spin-break"">asahi-inteccusa-medical.com</p>","ARCHIVE",""
"2-ZDAyMDZmZTEtYjIzOS00YzQzLTg5NzAtZmRlYzkzNzUzYzVkXzAxMA==","Sponsored Conversation","LinkedIn Member","","Noah Goo","https://www.linkedin.com/in/noah-goo","2024-11-05 17:20:57 UTC","","<p class=""spinmail-quill-editor__spin-break"">Hi %FIRSTNAME%!</p><p class=""spinmail-quill-editor__spin-break""><br></p><p class=""spinmail-quill-editor__spin-break"">Looking for a chance to make a real impact? I'm Diane Lampe, CEO/Owner of The Lampe Company. I'm seeking a dynamic leader to join our team, and I noticed that you have a strong background in %INDUSTRY%! If you're interested in building an income that helps others with retirement planning, investments, and helping others achieve their financial goals, I believe we might be the perfect fit.</p><p class=""spinmail-quill-editor__spin-break""><br></p><p class=""spinmail-quill-editor__spin-break"">Would you be open to a brief introductory call to explore potential opportunities? My team will gladly coordinate a time that works.</p>","ARCHIVE",""
"2-ZmVlZDA4YzctNWE2NC00MmE3LWE2YjEtOTk5MmMzMGRlZjc0XzAxMA==","Jira works great for marketers too","Atlassian","","Noah Goo","https://www.linkedin.com/in/noah-goo","2024-10-10 10:49:32 UTC","","<p class=""spinmail-quill-editor__spin-break"">Hi Noah,</p><p class=""spinmail-quill-editor__spin-break""><br></p><p class=""spinmail-quill-editor__spin-break"">Did you know that Jira isn’t just for software teams? It helps all types of teams do their best work together. But Jira also has special workflows just for marketers. Would you like to take a look?</p><p class=""spinmail-quill-editor__spin-break""><br></p><p class=""spinmail-quill-editor__spin-break"">Of course! Jira has lots of new features that help marketers get closer to product teams AND do their own work more efficiently. With Jira, marketers can:</p><p class=""spinmail-quill-editor__spin-break""><br></p><p class=""spinmail-quill-editor__spin-break"">🚀 Plan amazing campaigns</p><p class=""spinmail-quill-editor__spin-break"">🤝Collaborate and track work across teams</p><p class=""spinmail-quill-editor__spin-break"">📈 Report on progress and stay ahead of goals</p><p class=""spinmail-quill-editor__spin-break""><br></p><p class=""spinmail-quill-editor__spin-break"">Jira is more flexible, customizable, and powerful than ever. See for yourself, get started with Jira today.</p>","ARCHIVE",""
"2-NWIzMGQ1ZWMtYTdkOS00Yjc0LThhOTgtYTg5NmIxNTViNDRkXzAxMA==","Sponsored Conversation","LinkedIn Member","","Noah Goo","https://www.linkedin.com/in/noah-goo","2024-10-02 21:45:03 UTC","","<p class=""spinmail-quill-editor__spin-break"">Hi there, %FIRSTNAME%!</p><p class=""spinmail-quill-editor__spin-break""><br></p><p class=""spinmail-quill-editor__spin-break"">My name is Franklin from the LinkedIn Premium team. We’ve recently seen an increase in job postings that might be a good fit. Would you like to try Premium for free to accelerate your job search?</p>","ARCHIVE",""
"2-ZmIyYjJmNWQtZGYwMS00YWQ1LWI3Y2QtNWQzOTM2MDVlZTAyXzAxMA==","Discover Snowflake: Start the Journey to Upskill Your Career","Dash Desai","","Noah Goo","https://www.linkedin.com/in/noah-goo","2024-09-19 22:38:59 UTC","","<p class=""spinmail-quill-editor__spin-break"">Hi Noah,</p><p class=""spinmail-quill-editor__spin-break""><br></p><p class=""spinmail-quill-editor__spin-break"">It can be challenging to understand the best way to learn about Snowflake and what basic skills are required to get started with building on Snowflake. That’s why we recently launched our first Snowflake course on Coursera: Intro to Snowflake for Devs, Data Scientists, Data Engineers. It’s free to audit the course!</p><p class=""spinmail-quill-editor__spin-break""><br></p><p class=""spinmail-quill-editor__spin-break"">With no prior knowledge needed, you’ll start with a foundational map of what’s possible with Snowflake, while advancing all the way to understand and use features across data engineering, Gen AI, ML and applications workloads.&nbsp;</p><p class=""spinmail-quill-editor__spin-break""><br></p><p class=""spinmail-quill-editor__spin-break"">During this free course you’ll:</p><p class=""spinmail-quill-editor__spin-break""><br></p><ul><li>Create and manipulate Snowflake's core objects, such as virtual warehouses, databases, schemas, tables and stages</li><li>Use important Snowflake features and objects, such as time travel, cloning, resources monitors, user-defined functions (UDFs), stored procedures and Snowpark DataFrames</li><li>Understand the basics of Snowflake’s capabilities for data engineering, generative AI, machine learning and app development</li></ul><p class=""spinmail-quill-editor__spin-break""><br></p><p class=""spinmail-quill-editor__spin-break"">Sign up today<strong> </strong>and welcome to Snowflake. I can’t wait to see what you build!</p><p class=""spinmail-quill-editor__spin-break""><br></p><p class=""spinmail-quill-editor__spin-break"">Sincerely,&nbsp;</p><p class=""spinmail-quill-editor__spin-break"">Dash Desai&nbsp;</p><p class=""spinmail-quill-editor__spin-break"">Lead Developer Advocate&nbsp;</p><p class=""spinmail-quill-editor__spin-break"">Snowflake</p><p class=""spinmail-quill-editor__spin-break""><br></p>","ARCHIVE",""
"2-YzQwYjIwY2QtMzc4Zi00YmNmLWFkNjYtNTRmNWIyM2EyNjJkXzAxMA==","Sponsored Conversation","LinkedIn Member","","Noah Goo","https://www.linkedin.com/in/noah-goo","2024-08-23 21:10:24 UTC","","<p class=""spinmail-quill-editor__spin-break"">Jumpstart your career with one of the nation’s top IT degrees.</p><p class=""spinmail-quill-editor__spin-break""><br></p><p class=""spinmail-quill-editor__spin-break"">Hi there %FIRSTNAME%! My name is Alex and I work with the University of Cincinnati. I thought you might be interested in our online associate degree in information technology. Enrolling in our online AAB in Information Technology program can provide you with a foundational grasp of technology's significance in the workplace while enhancing the skills necessary for career advancement.</p><p class=""spinmail-quill-editor__spin-break""><br></p><p class=""spinmail-quill-editor__spin-break"">Would you like to learn more?</p>","ARCHIVE",""
"2-Yzc5ODhhZjEtNjRlMC00MTg2LTliYTItNzY1MjMwNWI0ZmJkXzAxMA==","Sponsored Conversation","LinkedIn Member","","Noah Goo","https://www.linkedin.com/in/noah-goo","2024-08-18 10:45:59 UTC","","<p class=""spinmail-quill-editor__spin-break"">Hi there, %FIRSTNAME%!</p><p class=""spinmail-quill-editor__spin-break""><br></p><p class=""spinmail-quill-editor__spin-break"">My name is Franklin from the LinkedIn Premium team. We’ve recently seen an increase in job postings that might be a good fit. Would you like to try Premium for free to accelerate your job search?</p>","ARCHIVE",""
"2-ZGY5ODljNDQtMzMyMS00NTNlLWJhNzktOTk5MTk3NzgyMTVkXzAxMA==","Education that supports the whole you","National University","","Noah Goo","https://www.linkedin.com/in/noah-goo","2024-08-11 19:31:13 UTC","","<p class=""spinmail-quill-editor__spin-break"">Hi Noah,</p><p class=""spinmail-quill-editor__spin-break""><br></p><p class=""spinmail-quill-editor__spin-break"">At National University, we offer a holistic approach to student support, well-being, and success. We call it “Whole Human Education,” and it means we’ll be side-by-side with you every step of the way, breaking any barriers you face in achieving your degree. Here are some of the ways we support you:</p><p class=""spinmail-quill-editor__spin-break""><br></p><p class=""spinmail-quill-editor__spin-break"">Financial</p><ul><li>Millions in scholarships available</li><li>Financial aid guidance</li></ul><p class=""spinmail-quill-editor__spin-break"">Academic</p><ul><li>Unlimited free tutoring</li><li>Writing center</li></ul><p class=""spinmail-quill-editor__spin-break"">Career</p><ul><li>Career counseling, interviewing techniques, and resume tips</li><li>Handshake Job Portal</li></ul><p class=""spinmail-quill-editor__spin-break"">Family &amp; Community</p><ul><li>Online and on-site programs</li><li>4- and 8-week courses to start sooner and finish faster</li></ul><p class=""spinmail-quill-editor__spin-break"">Social &amp; Emotional</p><ul><li>Student wellness services</li><li>Free, on-demand remote mental health counseling</li></ul><p class=""spinmail-quill-editor__spin-break""><br></p><p class=""spinmail-quill-editor__spin-break"">Here, you’ll be part of a family — a connected, engaged, and inspired community of students from across the country and around the globe. No matter which of our 190+ degree programs you chose to pursue, you’ll have the support of your fellow students, alumni, faculty, and staff who are dedicated to helping you reach your educational and professional goals.</p><p class=""spinmail-quill-editor__spin-break""><br></p><p class=""spinmail-quill-editor__spin-break"">Sincerely,</p><p class=""spinmail-quill-editor__spin-break""><br></p><p class=""spinmail-quill-editor__spin-break"">National University Admissions</p><p class=""spinmail-quill-editor__spin-break""><br></p><p class=""spinmail-quill-editor__spin-break"">Restrictions apply. Visit our website for details.</p>","ARCHIVE",""
"2-MWMwODNjNWMtYWI3MC00ZTVhLWEzOTYtMThkODM2YWNkNGNmXzAxMA==","Sponsored Conversation","LinkedIn Member","","Noah Goo","https://www.linkedin.com/in/noah-goo","2024-07-24 05:39:24 UTC","","<p class=""spinmail-quill-editor__spin-break"">Jumpstart your career with one of the nation’s top IT degrees.</p><p class=""spinmail-quill-editor__spin-break""><br></p><p class=""spinmail-quill-editor__spin-break"">Hi there %FIRSTNAME%! My name is Alex and I work with the University of Cincinnati. I thought you might be interested in our online associate degree in information technology. Enrolling in our online AAB in Information Technology program can provide you with a foundational grasp of technology's significance in the workplace while enhancing the skills necessary for career advancement.</p><p class=""spinmail-quill-editor__spin-break""><br></p><p class=""spinmail-quill-editor__spin-break"">Would you like to learn more?</p>","ARCHIVE",""
"2-YWEyMjcwYjktZWE5YS00OTVhLWIxYmYtYzg3NDFjNjQyOGJjXzAxMA==","Sponsored Conversation","LinkedIn Member","","Noah Goo","https://www.linkedin.com/in/noah-goo","2024-06-26 17:17:00 UTC","","<p class=""spinmail-quill-editor__spin-break"">Hi %FIRSTNAME%,</p><p class=""spinmail-quill-editor__spin-break""><br></p><p class=""spinmail-quill-editor__spin-break"">Thank you for being part of the LinkedIn community – we’re so glad you’re here. We’d like to offer you a 1-month free trial of LinkedIn Premium to help you uncover new opportunities.</p>","ARCHIVE",""
"2-NmZiZWIwMjQtMzkxZi00NWFjLTk1MDctNGI1MWIxNDdjZWJmXzAxMA==","Sponsored Conversation","LinkedIn Member","","Noah Goo","https://www.linkedin.com/in/noah-goo","2024-03-17 01:12:34 UTC","","<p class=""spinmail-quill-editor__spin-break"">Hi %FIRSTNAME%,</p><p class=""spinmail-quill-editor__spin-break""><br></p><p class=""spinmail-quill-editor__spin-break"">Thank you for being part of the LinkedIn community – we’re so glad you’re here. We’d like to offer you a 1-month free trial of LinkedIn Premium to help you uncover new opportunities.</p>","ARCHIVE",""
"2-MTdjODczZWQtNWMwMy00NWZmLWFiYTktZjY4YTdmN2ViYWJmXzAxMw==","Sponsored Conversation","LinkedIn Member","","Noah Goo","https://www.linkedin.com/in/noah-goo","2023-12-14 01:37:57 UTC","","<p class=""spinmail-quill-editor__spin-break"">Hi there, %FIRSTNAME%! My name is Franklin from the LinkedIn Premium team. Thanks for being a valued member of the LinkedIn community - we would like to upgrade you to LinkedIn Premium and offer you a 1 month free trial.</p>","ARCHIVE",""
"2-OTg0YTdhNjEtY2E1Mi00MTZjLWEwNjEtOWI4NGRiYmI4NWU0XzAxMw==","Sponsored Conversation","LinkedIn Member","","Noah Goo","https://www.linkedin.com/in/noah-goo","2023-10-27 10:06:59 UTC","","<p class=""spinmail-quill-editor__spin-break"">Hi %FIRSTNAME%,</p><p class=""spinmail-quill-editor__spin-break""><br></p><p class=""spinmail-quill-editor__spin-break"">My name is Raymond Hanna, and I’m the Director of Enrollment at the University of Arizona Global Campus. Are you looking for options to enhance your career? Perhaps start working on a bachelor’s or master’s degree? You can begin as early as next week with UAGC. We offer 100% online, flexible degree programs that fit into your busy life. Would you like to learn more?</p>","ARCHIVE",""
"2-MmZmMjZjYTYtOTU0OC00N2IzLWJmNDYtMWUyZjZhYTJmNTcwXzAxMA==","Sponsored Conversation","LinkedIn Member","","Noah Goo","https://www.linkedin.com/in/noah-goo","2023-10-04 18:58:24 UTC","","Hi %FIRSTNAME%, 

Thank you for being part of the LinkedIn community – we’re so glad you’re here. We’d like to offer you a 1-month free trial of LinkedIn Premium to help you uncover new opportunities.
","ARCHIVE",""
"2-ZDgxYTUyNGMtMjRjOC00NGFjLWJlMmEtM2E4NzU2NTMzM2QwXzAxMA==","Sponsored Conversation","LinkedIn Member","","Noah Goo","https://www.linkedin.com/in/noah-goo","2023-08-10 07:35:29 UTC","","Hi %FIRSTNAME%, 

Thanks for being a valued member – we’re so glad you’re here. We’d like to offer you a 1-month free trial of LinkedIn Premium to help you uncover new opportunities.
","ARCHIVE",""
"2-NGM3YzVlZmYtYWQxYS00YmU0LWE1MDEtODEyNjY1ZGE2YThmXzAxMA==","Sponsored Conversation","LinkedIn Member","","Noah Goo","https://www.linkedin.com/in/noah-goo","2023-03-08 22:44:08 UTC","","Hi %FIRSTNAME%,

We'd like to invite you to try LinkedIn Learning free for one month. Whether you’re growing your career, job seeking, or leading a team, LinkedIn Learning has relevant on-demand courses to help you keep learning in the moments that matter.","ARCHIVE",""
"2-NGViYjczMjgtMGMwYS00YWQ2LWI2MDgtMWE5NWU5YWUyN2NkXzAxMg==","Sponsored Conversation","LinkedIn Member","","Noah Goo","https://www.linkedin.com/in/noah-goo","2022-11-29 02:07:27 UTC","","Hi there, %FIRSTNAME%! My name is Diane from the LinkedIn Premium team. We’ve recently seen an increase in job postings that might be a good fit. Would you like to try Premium for free to learn more about these opportunities?
","ARCHIVE",""
